field_id,country,crop,pixels,field_prediction,rmse_spatial,rmse_ndvi,rmse_uniform,r2_spatial,rho_spatial,rho_ndvi,bottom20_auroc
Argentina_DUP1_farm14_field114_soybean_2022,Argentina,soybean,6278,3.9912571156730166,0.4980465293129314,0.5714254379272461,0.7124075292108357,0.5039256362902664,0.5637846008322012,0.49972958125684463,0.9097012911721446
Argentina_DUP1_farm14_field117_corn_2023,Argentina,corn,6263,5.466352299568344,2.999751777790845,3.5283806324005127,3.833409262336877,0.23699921396723445,0.849643881217359,0.887127570824127,0.9409991839250752
Argentina_DUP1_farm15_field125_soybean_2018,Argentina,soybean,6246,3.717604775096409,0.8657390425124073,0.9675962924957275,1.1885671068555759,0.456643630317495,0.6662484671344238,0.6793617275138155,0.8928957566052843
Argentina_DUP1_farm15_field135_soybean_2019,Argentina,soybean,2105,4.076957803695914,0.670521777911953,0.6535460352897644,0.6738788148464518,-0.042335514640645666,0.2558384795048692,0.2419383158240825,0.7711463487567775
Argentina_DUP1_farm15_field144_soybean_2020,Argentina,soybean,2014,2.7131239980733013,1.0668699160711224,1.0802396535873413,1.2227671109314218,-0.31578245510734404,0.6499666194390222,0.46787059623191907,0.8697016325417839
Argentina_DUP1_farm15_field150_soybean_2021,Argentina,soybean,4124,4.268148281091605,1.2554793568315286,1.2932926416397095,1.3009032144286246,-0.7066491323613786,0.3163154637779879,0.24405873977382625,0.7164444689391642
Argentina_DUP1_farm15_field154_soybean_2022,Argentina,soybean,1555,4.556350956264333,1.3588280401368567,1.3780728578567505,1.3349896476446355,-0.7333049241606062,0.08801840385389649,0.0776234834332066,0.5369128731092524
Argentina_DUP1_farm16_field157_soybean_2023,Argentina,soybean,5332,2.2757287434016704,1.1867417555683772,1.201733112335205,1.1691923341665826,-3.488476043396024,0.25444536238117554,0.14443858662272827,0.6285167013484534
Argentina_DUP1_farm17_field168_soybean_2018,Argentina,soybean,4876,3.1245767558832913,1.942511676923362,1.9344133138656616,1.928642583487597,-34.57095572597943,0.5159858644662774,0.6347690850298809,0.7326226881042455
Argentina_DUP1_farm17_field169_soybean_2019,Argentina,soybean,8358,4.187593617888048,0.8345489174074151,0.93294757604599,1.1665407283566585,0.4415807913454808,0.6844766750645445,0.6664709928441465,0.9203785994300737
Argentina_DUP1_farm17_field182_soybean_2019,Argentina,soybean,6462,4.1597055300258425,1.0509717856218317,1.2012003660202026,1.3491830661470943,0.38825473131145527,0.6021059152171279,0.5399320698872233,0.9187583344087409
Argentina_DUP1_farm17_field183_soybean_2021,Argentina,soybean,1636,3.639732015358441,1.4215978755881575,1.4429558515548706,1.4160561474407352,-7.078168493581334,0.19606706532583984,0.26767909415382624,0.6312350824196316
Argentina_DUP1_farm17_field189_soybean_2021,Argentina,soybean,3229,3.7517621928510616,1.915533844288568,1.9429864883422852,1.9111890233742148,-28.702857935594462,0.42939629204241825,0.1770320000667041,0.8083468118959339
Argentina_DUP1_farm19_field196_soybean_2022,Argentina,soybean,13887,4.4789733698523415,1.1132323495818979,1.118051528930664,1.202310515579414,-0.45270698195973047,0.3320684948347398,0.340732907045447,0.7765912660973106
Argentina_DUP1_farm19_field197_corn_2022,Argentina,corn,6885,10.37887964931083,2.9403951902626395,3.027867555618286,3.105201661960645,-0.6606214734932074,0.46280128467496096,0.3805682096505941,0.7687782593503191
Argentina_DUP1_farm19_field198_corn_2022,Argentina,corn,10711,11.852264985594779,2.746413776717823,2.904085397720337,2.9619786538754,-0.38982270910129646,0.46149992676706136,0.2567870818484595,0.8149692798257894
Argentina_DUP1_farm23_field218_soybean_2019,Argentina,soybean,14436,3.9425533425199495,1.3630642217244975,1.4468175172805786,1.3225429823085564,-2.7023789849748883,-0.0885851439684166,-0.2639567494337868,0.515023227151612
Argentina_DUP1_farm23_field231_soybean_2021,Argentina,soybean,2174,2.787724822992848,2.1391329546214357,2.176450729370117,2.1608296371794182,-6.4103677321439685,0.2981572905869329,0.18188417661855846,0.777495984612639
Argentina_DUP1_farm24_field238_corn_2021,Argentina,corn,4983,6.714220713699927,3.9282597657218967,3.935469150543213,4.00435126542716,-1.389052457515255,0.35351922259039803,0.36278193210027065,0.6848392644063651
Argentina_DUP1_farm25_field245_corn_2023,Argentina,corn,8416,7.2422789015486115,2.052196473274643,2.2290749549865723,2.4780838143656534,0.19160371956723554,0.6240096539809762,0.6232608751606564,0.9019352477548997
Argentina_DUP1_farm25_field258_corn_2023,Argentina,corn,82,9.316446137231194,6.3202095096062205,6.2850422859191895,6.325757220108108,-4.200099386107149,0.08253066466407635,0.1630913899500441,0.5466063348416289
Argentina_DUP1_farm25_field260_corn_2023,Argentina,corn,3543,7.3458854701044665,1.532322661312522,1.6747263669967651,1.9481832515178739,0.31580731109974447,0.747860040629459,0.7755707395417161,0.8798301503106047
Argentina_DUP1_farm25_field263_soybean_2023,Argentina,soybean,6999,2.641742709209503,1.133818460933344,1.0975964069366455,1.1826883348128652,-1.7504951609813584,0.6061133828034243,0.6489003003758979,0.8353976475391014
Argentina_DUP1_farm25_field267_corn_2023,Argentina,corn,8763,6.074150071054005,1.6290606995701522,1.70325767993927,1.91717298311795,0.26682720781438585,0.548981776798842,0.5809451650290285,0.7404949947884241
Argentina_DUP1_farm27_field275_soybean_2021,Argentina,soybean,8309,3.5183547948622054,1.3854703599106954,1.4351612329483032,1.465546958571751,0.059671480449458136,0.41845814975332773,0.33808278912394035,0.6729223954347635
Argentina_DUP1_farm27_field282_soybean_2021,Argentina,soybean,12278,3.1481842403912443,1.1868051874000165,1.218356966972351,1.2889647693910942,0.14420628969676252,0.42469428835549394,0.4214980169358532,0.7426601901468285
Argentina_DUP1_farm27_field292_soybean_2020,Argentina,soybean,13625,3.6476858851013954,1.3832706809764148,1.3957972526550293,1.461613109043506,-0.3437877726769747,0.3728287865746828,0.3404128799507968,0.7347868024577057
Argentina_DUP1_farm27_field297_soybean_2020,Argentina,soybean,14528,3.8860487444542997,0.8486716119942068,0.8644191026687622,0.9119176617329758,0.07631484001628586,0.3734200223387321,0.221881069428332,0.6903942494567136
Argentina_DUP1_farm27_field309_soybean_2021,Argentina,soybean,12154,2.9630819462628084,1.116807986858718,1.1962684392929077,1.3803256559987271,0.16213669384835938,0.6832393699259686,0.6945301128247837,0.8710404701384248
Argentina_DUP1_farm29_field329_soybean_2023,Argentina,soybean,4194,2.84776429124049,1.1797706203599299,1.179620385169983,1.272066687411328,-1.0802541754668575,0.6944126916201279,0.7350924541242047,0.854078995939461
Argentina_DUP1_farm2_field18_corn_2022,Argentina,corn,1222,11.769310845607901,1.5299259033016086,1.6859996318817139,1.7954966474806588,0.252323182390938,0.6455888055042159,0.579147913108922,0.8235706974703905
Argentina_DUP1_farm2_field34_soybean_2023,Argentina,soybean,1571,4.530662964176416,1.1261417492570323,1.197371244430542,1.1389174253989927,-0.48495894278796414,0.20192712416784217,-0.037028122184458674,0.6972980487311697
Argentina_DUP1_farm2_field35_soybean_2023,Argentina,soybean,5640,3.8419459562658367,1.842997296394817,1.8689018487930298,1.923205276877876,-1.167041178064621,0.4472066480998305,0.5397756400172506,0.7509584594601355
Argentina_DUP1_farm2_field44_soybean_2023,Argentina,soybean,4969,3.7535546303016125,0.6935830347319827,0.7447927594184875,0.7815284349692929,-0.49965411820677463,0.7094968752761875,0.6889123774412227,0.8915171532338686
Argentina_DUP1_farm2_field46_soybean_2023,Argentina,soybean,6396,4.020057421654678,0.5884727121712733,0.5744130611419678,0.5662394658564135,-0.1071179028521283,0.318841348412618,0.4168692400393433,0.7198774784179333
Argentina_DUP1_farm2_field48_corn_2024,Argentina,corn,7419,7.657248984736102,1.5196498281269353,1.7194539308547974,1.951527531583767,0.29529015188993535,0.7525557068099825,0.7429585836541523,0.8405864341039779
Argentina_DUP1_farm32_field341_corn_2023,Argentina,corn,21870,8.137976242420166,3.9163052034613,3.947781562805176,4.035494519572324,-3.5875482041975744,0.5329525278601355,0.7116880950863624,0.8131397625405367
Argentina_DUP1_farm34_field343_soybean_2022,Argentina,soybean,4597,4.2330838540595135,1.1140627959849374,1.1158711910247803,1.1993305857330268,0.013115515767306518,0.34756806013439073,0.4644113445567116,0.7384818673067601
Argentina_DUP1_farm35_field347_soybean_2022,Argentina,soybean,3058,3.1471116869472135,0.9303351592958006,0.9409776926040649,1.0118991416352494,-0.28651162899992144,0.48940719385121245,0.511617795853499,0.7464995537599068
Argentina_DUP1_farm36_field358_corn_2021,Argentina,corn,304,6.943573501336466,2.470871416728105,2.659459114074707,2.5545411981109303,0.0612752506732086,0.3632189166228117,-0.1717799023483624,0.7498482088646024
Argentina_DUP1_farm36_field369_soybean_2022,Argentina,soybean,3848,3.2647911817934077,0.8113842077997413,0.8745023608207703,1.0621019891920545,0.30566500960829324,0.7114590363062921,0.7347401728950994,0.8392243234348497
Argentina_DUP1_farm36_field374_soybean_2022,Argentina,soybean,4645,3.4513933172618496,1.2069410604278232,1.2788679599761963,1.5287715237864077,0.2928935396835056,0.7278119051418591,0.7792905934206321,0.9068818862603282
Argentina_DUP1_farm36_field390_corn_2022,Argentina,corn,19528,7.526203946230266,1.8635205317892591,1.9602155685424805,2.12515456365118,0.03507232584411346,0.5781675059053396,0.5855132347083511,0.8200262827318964
Argentina_DUP1_farm36_field391_soybean_2022,Argentina,soybean,3804,2.9691445260232303,0.8132750470667324,0.8979048728942871,1.137076487059103,0.4750031258158357,0.7696666528422035,0.7696370033190362,0.9039164010548757
Argentina_DUP1_farm37_field408_soybean_2020,Argentina,soybean,4487,4.2499835455171135,1.0602279943847177,1.105846881866455,1.118346593444228,-0.9478827563831791,0.3836303499622841,0.2334053003480242,0.7625006969612489
Argentina_DUP1_farm37_field411_soybean_2021,Argentina,soybean,2229,3.046563072787385,1.415606215111482,1.4438613653182983,1.4077322388180724,-11.853364050958257,0.5612317454807253,0.16437764703604324,0.7886973136786709
Argentina_DUP1_farm37_field412_soybean_2021,Argentina,soybean,2094,2.94700950151581,1.4315312302266612,1.4617985486984253,1.4965024345701556,-1.7086574102544163,0.5631226192834906,0.5244385787891553,0.81636875289424
Argentina_DUP1_farm42_field440_soybean_2021,Argentina,soybean,9557,3.9900464029030394,0.7655789269807289,0.803939163684845,0.8939568195168233,-0.27985526488200896,0.719143116488201,0.6886584736589615,0.8897903434574516
Argentina_DUP1_farm44_field449_wheat_2018,Argentina,wheat,8259,3.3354593028621142,0.705414086519158,0.756492555141449,0.6870337016811066,-0.07790750242489808,0.3093772255871469,0.14513943000343282,0.6560577128939524
Argentina_DUP1_farm44_field450_corn_2021,Argentina,corn,7183,6.4055296342969,2.3954511335205617,2.430837392807007,2.4081060388814994,-0.7294074635775536,0.17057779473011592,0.013752959024374123,0.527364411441344
Argentina_DUP1_farm44_field452_soybean_2020,Argentina,soybean,9383,4.215137972169433,1.027757269969722,1.0825132131576538,1.1091858104845271,-0.7463490842332474,0.530985744053759,0.4904847104659829,0.816963611956185
Argentina_DUP1_farm44_field461_wheat_2021,Argentina,wheat,9440,1.840857682465363,1.6594764379113272,1.6720197200775146,1.7325413153659366,-2.8559284789450423,0.612327593255761,0.6814267231481337,0.8315936788254668
Argentina_DUP1_farm44_field462_soybean_2020,Argentina,soybean,2959,4.390781089409317,0.7224222206936874,0.7604407072067261,0.8829453677031419,0.24877903922242395,0.5295606531532178,0.2088745550458213,0.7820451049793375
Argentina_DUP1_farm44_field473_corn_2021,Argentina,corn,2421,6.544685862065474,5.171304336835591,5.187859535217285,5.149543078929805,-11.601641994009833,-0.2047293770159634,-0.03021749259518615,0.42199028712618214
Argentina_DUP1_farm44_field481_soybean_2019,Argentina,soybean,6466,4.358116695696114,0.6019461473561335,0.6385805606842041,0.6652617721990758,0.1517648708451892,0.34890481106831506,0.3413071034946708,0.7448246323384387
Argentina_DUP1_farm44_field484_soybean_2018,Argentina,soybean,9439,3.4266229261294336,1.048634077846353,1.0471224784851074,1.229827281741932,-0.14984707010407128,0.6924911985674125,0.7102815952908138,0.8608305331654356
Argentina_DUP1_farm44_field496_soybean_2021,Argentina,soybean,2918,3.8768861305631424,2.0011802842054442,2.0217299461364746,2.02612392300224,-6.447098992181323,0.5222141110658189,0.5681888696962755,0.7754984808481493
Argentina_DUP1_farm44_field500_soybean_2020,Argentina,soybean,6449,4.447996618758539,1.2970471159870736,1.3065587282180786,1.2937765975899485,-1.5024534537727128,0.28512326957649126,0.10762010768469335,0.6600781955519893
Argentina_DUP1_farm44_field503_soybean_2018,Argentina,soybean,5620,3.6925597214635144,0.6689044516235703,0.7332813739776611,0.9389142949863517,0.49217688500361345,0.7132484764000077,0.7154299796859788,0.8643622326211675
Argentina_DUP1_farm44_field505_soybean_2021,Argentina,soybean,6398,3.0280521003631415,0.9342606825535675,0.9456038475036621,1.0421071802607382,0.1852079052114346,0.407972336032532,0.4720624942994805,0.7509299286830793
Argentina_DUP1_farm44_field506_soybean_2021,Argentina,soybean,5399,2.857331544046515,0.7946316733983378,0.7971070408821106,0.9601434474036025,0.24518409422794385,0.5958625445935618,0.6111247605316483,0.8252735544064556
Argentina_DUP1_farm44_field508_soybean_2019,Argentina,soybean,4854,3.9700068285054373,0.6772765321377587,0.6884390115737915,0.6582949882518009,-0.13745862779175022,0.18801279887306768,0.057604188825895776,0.6690597948111258
Argentina_DUP1_farm44_field510_soybean_2019,Argentina,soybean,5543,4.230360162264393,0.7947610155834139,0.8262466192245483,0.8549257740968389,0.0325516327227231,0.21988210888980303,0.23980876344643692,0.6927260577234771
Argentina_DUP1_farm44_field518_soybean_2020,Argentina,soybean,6438,2.7795358188933093,0.9528930392718787,0.9880573749542236,1.2096431130740521,0.3769920578179198,0.6587281704754314,0.7122606921394733,0.8442634022794429
Argentina_DUP1_farm44_field519_soybean_2020,Argentina,soybean,336,3.9735417555034616,1.09352251435024,1.0699363946914673,1.217482378986383,-0.004873708277209454,0.4857087450756461,0.5474830228954297,0.8444907813871818
Argentina_DUP1_farm44_field536_soybean_2019,Argentina,soybean,6273,4.246200147334864,0.7975712111992674,0.9153887629508972,0.7752231218833957,-0.18817568925183026,-0.05283740035328907,-0.13586651642733835,0.4886612180214971
Argentina_DUP1_farm44_field547_soybean_2018,Argentina,soybean,6748,2.8249652529228197,0.7514799012416769,0.7612912654876709,0.9316992016223657,0.34907479533269725,0.598634847855803,0.6078837787112538,0.8275694701741385
Argentina_DUP1_farm44_field557_corn_2018,Argentina,corn,1766,6.001257961377507,2.0584892333492184,2.1013741493225098,2.244801826787579,-0.6826632674213031,0.5698602021794104,0.6103475773744741,0.8300783438165201
Argentina_DUP1_farm45_field589_corn_2020,Argentina,corn,5962,11.560502776100597,1.7449311578005875,1.8913003206253052,2.0867451019161742,0.1438489168822411,0.7310395918736077,0.7240992564964618,0.9139929451471037
Argentina_DUP1_farm45_field592_corn_2020,Argentina,corn,7350,11.019099437040152,2.9015776748152455,3.0615694522857666,3.2052409507056927,-0.2925951920664278,0.6213979956715405,0.5506586521849167,0.8168441390161507
Argentina_DUP1_farm45_field596_corn_2020,Argentina,corn,1981,11.595499063126175,1.4033046778802973,1.711564302444458,1.7849802816108673,0.3209466255791026,0.7362712620696206,0.5978694887687983,0.9041525138030175
Argentina_DUP1_farm45_field601_wheat_2019,Argentina,wheat,3822,5.8168527920152275,0.6789461958731975,0.6215600967407227,0.5984316451770482,-1.1925737514815338,0.48752969757992864,0.41101022160174644,0.7685270262484609
Argentina_DUP1_farm45_field603_wheat_2021,Argentina,wheat,164,5.662145441865284,2.222827811659521,2.2770183086395264,2.2701485392234995,-2.3255937751988593,0.36854211981876733,0.12409114590783983,0.686560259079343
Argentina_DUP1_farm45_field607_wheat_2020,Argentina,wheat,7186,6.244394998452989,1.4186767504281543,1.5566073656082153,1.7581164680088572,0.3006974445016086,0.6333809297998678,0.6299251880583272,0.8845262712527416
Argentina_DUP1_farm45_field618_wheat_2021,Argentina,wheat,285,5.591791309561382,1.3689012970052459,1.3572733402252197,1.3616794433933146,-1.173728178395788,0.4438867199524017,0.4636291474838249,0.7069867651585103
Argentina_DUP1_farm45_field638_corn_2018,Argentina,corn,14014,9.774160239286555,2.3229916537394004,2.504328966140747,2.725440627746253,0.12651522364649603,0.7016592461499183,0.7328259998640251,0.8551861334968598
Argentina_DUP1_farm45_field647_corn_2023,Argentina,corn,11213,5.269600843134203,2.5269245076041646,2.554192304611206,2.6160199222826037,-3.7199311318368453,0.6221542214115849,0.572204788273649,0.83712539670883
Argentina_DUP1_farm51_field668_soybean_2022,Argentina,soybean,26865,3.0758090700366947,1.6972901811643268,1.6934905052185059,1.669806556567719,-38.81487498843376,0.5668398039248228,0.46962671717726134,0.7989643937387428
Argentina_DUP1_farm51_field676_wheat_2021,Argentina,wheat,6318,5.643591953335196,0.7983926046321391,0.8689979314804077,1.0766145215597542,0.45002053806009024,0.7875561713456516,0.8051531953026969,0.9009712509955767
Argentina_DUP1_farm51_field680_corn_2022,Argentina,corn,13058,11.058802439999107,2.830600177029864,2.974771022796631,3.138425886806604,-0.1752488151688425,0.6904236590655138,0.7235124779983243,0.8604196371685023
Argentina_DUP1_farm51_field685_wheat_2022,Argentina,wheat,12560,3.1226241603977973,1.4141049235590337,1.3131548166275024,1.2523739013060546,-11.276151334579442,0.06665430614940127,0.13349982470784952,0.6043658495066008
Argentina_DUP1_farm52_field686_soybean_2020,Argentina,soybean,4582,3.4891972233496666,0.7907301971808838,0.7919551134109497,0.9023243823533557,-0.7485081491374257,0.49603566184371006,0.5156296807497013,0.892623344704617
Argentina_DUP1_farm52_field697_soybean_2022,Argentina,soybean,3494,4.691765936943008,0.5690024196486542,0.5927922129631042,0.800605060760409,0.4698000590357604,0.637959671286334,0.6075043276106299,0.9148187674188272
Argentina_DUP1_farm52_field706_soybean_2022,Argentina,soybean,3969,4.91330283380724,0.99488746688242,0.9888929724693298,0.9913009602804489,-2.6638883694662114,0.1262457646550634,0.10018395316256289,0.6203173406850592
Argentina_DUP1_farm52_field714_soybean_2021,Argentina,soybean,2747,2.9503378317330435,0.5381756832980987,0.5637720227241516,0.6325072684202453,0.18426975181101213,0.5624130650098482,0.5273552340366614,0.8352630917788157
Argentina_DUP1_farm52_field717_soybean_2021,Argentina,soybean,5321,4.35905620359986,0.6002570588322119,0.6199544072151184,0.5938047954279594,-0.15595566318113052,0.3826786381249536,0.3519668940533713,0.6938408962547213
Argentina_DUP1_farm52_field727_soybean_2021,Argentina,soybean,3430,4.183854932492467,0.7514440576834054,0.8504911065101624,0.9742320754466037,0.3414447815638533,0.6973525875594153,0.6354781076632238,0.846179100544841
Argentina_DUP1_farm54_field733_wheat_2020,Argentina,wheat,6323,1.9297432764235918,0.9263604881736646,0.9506438374519348,1.1664471812587618,0.31801390829532494,0.6873483892614684,0.7097486232409392,0.8645046044678449
Argentina_DUP1_farm54_field735_soybean_2021,Argentina,soybean,6223,2.3057126069250424,1.6449567085600134,1.611422061920166,1.5718280844938657,-42.777817698458314,0.15189681080774078,0.13484789466161393,0.5057813095090016
Argentina_DUP1_farm54_field739_soybean_2018,Argentina,soybean,3540,3.7142130872385763,0.7478046019570471,0.8527898192405701,1.0016711328115424,0.40018775312227717,0.7058166162926189,0.6967616437131335,0.8789515105812508
Argentina_DUP1_farm54_field743_soybean_2020,Argentina,soybean,3564,4.521553998600835,0.7022567568116431,0.7856064438819885,0.9258157501531202,0.41554888517468735,0.4600068485680193,0.3352407214701398,0.8469364111802508
Argentina_DUP1_farm55_field747_corn_2023,Argentina,corn,6905,5.8632459136764075,2.3565806546305557,2.6521055698394775,2.930102137808711,0.351644974222292,0.8264502574676945,0.8292759216075124,0.9039889002554058
Argentina_DUP1_farm56_field750_soybean_2023,Argentina,soybean,8076,2.778653533901538,1.3212164874372345,1.3183318376541138,1.3271619669979933,-7.042415787272692,0.5416951930680477,0.5816560482257599,0.7195155641725163
Argentina_DUP1_farm5_field64_soybean_2024,Argentina,soybean,4559,3.5945087968824865,0.8031821434990012,0.8218740820884705,0.9221830117144467,-0.46236571628027434,0.5574254917470441,0.5101331128709472,0.8728362043865732
Argentina_DUP1_farm5_field65_corn_2024,Argentina,corn,3025,11.643701404856586,3.8173193513490364,4.03759765625,4.189050873629569,0.16529127528575116,0.3553193685722275,0.09276578734478537,0.823814630148214
Argentina_DUP1_farm6_field78_soybean_2023,Argentina,soybean,10547,2.489741390438703,0.8959896595774731,0.8298202753067017,0.7921020187114554,-3.0325001180229743,0.2767430785570331,0.33104330993050746,0.6962972409193956
Argentina_DUP1_farm7_field86_soybean_2024,Argentina,soybean,5951,4.070881324559743,1.4510076864686783,1.5015170574188232,1.6103601172236104,-1.3612956911371614,0.7837470105350802,0.7696255927409527,0.9290962554088988
Argentina_DUP1_farm9_field94_corn_2024,Argentina,corn,6242,10.115339123728056,2.078915017963854,2.2944841384887695,2.507433254020082,0.23505036390828615,0.6091715202440512,0.6163533704588436,0.8430819961396716
Brazil_DUP2_farm2_field15_wheat_2017,Brazil,wheat,13258,3.6793275548407323,0.7938344159759557,0.8408142924308777,0.979019584241507,0.3309280111280313,0.5984174227736275,0.5901988493721521,0.84624848032162
Brazil_DUP2_farm2_field18_soybean_2019,Brazil,soybean,7252,3.6073895990417677,0.9077846201823487,0.9600487351417542,1.123576257570561,0.3374262716403049,0.6341651373266611,0.6433777452352011,0.8242523598262663
Brazil_DUP2_farm2_field25_corn_2019,Brazil,corn,6680,7.515652796216706,2.1236155555225524,2.2360188961029053,2.2549573299183865,0.10455571770406324,0.43191319843856274,0.15938447999093458,0.6786347776004876
Brazil_DUP2_farm2_field36_soybean_2022,Brazil,soybean,9980,4.219655007459549,0.8747756411777996,0.9619285464286804,0.9860039237668661,0.20615217989233625,0.4499874772668431,0.4166713156180379,0.7591499989555923
Brazil_DUP2_farm2_field38_soybean_2020,Brazil,soybean,7201,4.540824838833031,0.9535513503273139,1.0227898359298706,0.9758269260400032,-0.1476301698392941,0.33544387079344024,0.25957175612012956,0.6505012553974863
Brazil_DUP2_farm2_field41_soybean_2019,Brazil,soybean,10963,3.8940661668541123,0.7471700412818868,0.7743496894836426,0.8582868522885587,0.2416444484111956,0.4770565586572153,0.5118247869121635,0.7361506316615373
Brazil_DUP2_farm2_field44_wheat_2020,Brazil,wheat,13785,4.230947621493248,0.8823773848322398,0.9483029246330261,1.022554255216591,0.2321422653062747,0.4585959479101929,0.4446044384258016,0.7547540642087691
Brazil_DUP2_farm2_field46_corn_2023,Brazil,corn,607,7.692471268252891,2.388364587200336,2.41847825050354,2.3519917129620076,-0.31986514827292734,0.07560842919706826,0.08495500521010971,0.5798715565320264
Brazil_DUP2_farm2_field50_soybean_2024,Brazil,soybean,12604,4.17418599789635,0.9496769655058135,0.9552417993545532,1.0191396987420456,0.10423160403793341,0.4275961949631895,0.4527864931108035,0.74999532834239
Brazil_DUP2_farm4_field113_soybean_2023,Brazil,soybean,8380,4.360404360472853,1.004843895055733,1.067941665649414,0.9810514392984644,-0.08723374368642878,0.08472767397456342,-0.04398268871061434,0.5458650753858841
Brazil_DUP2_farm4_field129_corn_2024,Brazil,corn,838,6.140324708717525,2.820801946635552,2.874302625656128,2.9131550218257085,-2.3636595642260216,0.5754169698419971,0.4356378450366271,0.8094260838663823
Brazil_DUP2_farm4_field134_corn_2018,Brazil,corn,4154,6.839713138186847,2.4320173320602994,2.496297836303711,2.494570290682422,-0.13188033854499315,0.26131325310025266,0.15709054364132677,0.6781973576571125
Brazil_DUP2_farm4_field67_soybean_2020,Brazil,soybean,4369,4.427781615911638,0.9797635191221554,1.0163992643356323,0.9655570495542923,-0.030664031641297607,0.19668163314634313,0.18308813868836407,0.6355407637582795
Brazil_DUP2_farm4_field83_wheat_2020,Brazil,wheat,10441,3.5603128452645283,1.2945156590490003,1.3349430561065674,1.3605440434114668,0.03504312155727973,0.35412505127924304,0.296343834466245,0.651258107930804
Brazil_DUP2_farm4_field88_soybean_2019,Brazil,soybean,3155,3.474703706931143,1.126913939828091,1.058524489402771,1.0743874878993975,-0.8761495336577536,0.319598268274971,0.3566939146348316,0.6863159626382292
Brazil_DUP2_farm4_field95_soybean_2019,Brazil,soybean,4362,3.6266126869499096,1.1832853308570845,1.1638529300689697,1.1649877878235213,-2.2904568618674706,0.5663149224400044,0.5104522831133137,0.8226420657034694
Brazil_DUP2_farm5_field146_corn_2023,Brazil,corn,1209,6.808650136524681,2.316998346743382,2.322571277618408,2.4609186014303157,-0.056186721742986556,0.5463023251097713,0.4937151616692962,0.743143572606767
Brazil_DUP2_farm5_field153_soybean_2018,Brazil,soybean,575,4.320272005009944,1.0069349318304122,1.0807769298553467,0.9922665980496179,-0.037132731361817495,0.05664926473078578,-0.022794817683735584,0.6322589792060491
Brazil_DUP2_farm5_field156_corn_2023,Brazil,corn,228,6.9918164970578145,1.6339466961235791,1.6639666557312012,1.6213511417845352,-0.05109990927722108,0.0942870406323208,0.0618467143696187,0.5655757286192068
Brazil_DUP2_farm5_field164_wheat_2018,Brazil,wheat,2574,3.9402286954941492,2.910059964396105,2.8682525157928467,2.845365471016486,-0.26939046052617477,0.040413475316203325,0.05638209670967477,0.6188271241105826
Brazil_DUP2_farm5_field167_wheat_2019,Brazil,wheat,19840,4.016208161669006,1.489065585406547,1.488673448562622,1.4609711275649058,-0.17724783646485798,0.20672535927133032,0.2073662494151639,0.6681923103172978
Brazil_DUP2_farm5_field177_soybean_2019,Brazil,soybean,6104,3.2903613492828025,0.990165516409643,1.074575424194336,1.3137934413237706,0.42082030946637383,0.6922420107346714,0.7007423028840263,0.8956252011278067
Brazil_DUP2_farm5_field178_wheat_2021,Brazil,wheat,20505,4.730543402585738,1.454216227468831,1.4901626110076904,1.5326946753251447,0.09083414195408934,0.3059420971844578,0.1714534968703931,0.7006117063293511
Brazil_DUP2_farm5_field184_soybean_2019,Brazil,soybean,10869,3.1130790893421816,1.1578101296801624,1.1890045404434204,1.4212429327428828,0.00971162297527317,0.7816655091278296,0.8259101843137577,0.8598018137928883
Brazil_DUP2_farm5_field185_soybean_2021,Brazil,soybean,1025,4.17481006762122,0.8523971878471617,0.9470585584640503,1.0373445834072612,0.20063525470104648,0.6152039304580265,0.5258667355198031,0.8385960737656156
Brazil_DUP2_farm5_field191_soybean_2024,Brazil,soybean,27353,3.8540428993372897,1.1210457582086344,1.2137391567230225,1.41667947948758,0.3172073910931552,0.7066270555426918,0.7055300293367548,0.846985486821192
Brazil_DUP2_farm5_field195_corn_2019,Brazil,corn,9024,6.996115670394118,1.970562582239877,2.1219358444213867,2.263047896726903,0.1912462811250596,0.4800600639732291,0.4948635127913542,0.7687194342108141
Brazil_DUP2_farm5_field218_soybean_2018,Brazil,soybean,4732,4.269832239127432,1.1531320146610888,1.2009212970733643,1.1694173997280757,-0.20436218072121015,0.23828390880782788,0.13717061333352568,0.6439890134876318
Brazil_DUP2_farm5_field234_soybean_2022,Brazil,soybean,2073,3.129314355766872,0.7427668767448543,0.8724528551101685,1.0284732366719211,0.4781271366729922,0.6887921105005187,0.6404293472385126,0.8936663420872877
Brazil_DUP2_farm5_field238_soybean_2021,Brazil,soybean,3457,4.309097037908043,0.8696938206948427,0.9854301810264587,0.8741928402116681,-0.010390414764024136,0.1465030740823691,-0.10659422418710907,0.5961199552624152
Brazil_DUP2_farm5_field255_soybean_2019,Brazil,soybean,7804,3.1111121990308925,1.0193167211637995,0.97952800989151,1.1794897100971258,0.1176329584401331,0.597330862037628,0.688554322644827,0.80261931800516
Brazil_DUP2_farm5_field273_corn_2020,Brazil,corn,5289,6.695971398042446,5.389925653392799,5.48563289642334,5.5568852444449695,-0.3949921598046151,0.4414919645869688,0.40788382642208904,0.6167467682721688
Brazil_DUP2_farm5_field277_wheat_2018,Brazil,wheat,316,3.4130265341227544,1.9537003528729873,2.0289580821990967,1.9110397644343151,-1.278584551571234,-0.10005632219490715,-0.23399634894404994,0.523499503968254
Brazil_DUP2_farm5_field281_soybean_2024,Brazil,soybean,5961,4.177803005717912,1.0123645615052945,1.0471543073654175,1.2002902884808309,0.13546570848671458,0.4917219946396424,0.49544224668099673,0.7941639604910075
Brazil_DUP2_farm6_field293_wheat_2021,Brazil,wheat,8585,4.806516973455824,1.859880742004706,1.9246673583984375,1.972393059702561,0.05631826903347181,0.38983541093941093,0.36009309867864026,0.7159379771099177
Brazil_DUP2_farm6_field301_wheat_2021,Brazil,wheat,2101,4.469959502674042,1.4076346123879302,1.459620714187622,1.5839553105351591,0.16702547052856287,0.4391854224235017,0.45405112842080164,0.8152047279719488
Brazil_DUP2_farm6_field302_soybean_2018,Brazil,soybean,10307,4.196359184627231,0.8130895907459088,0.9236776828765869,0.9649878150295582,0.21132332404951815,0.5486576042123069,0.5432220709365072,0.8105583272947755
Brazil_DUP2_farm6_field305_soybean_2023,Brazil,soybean,94,4.2185092375297275,1.2277216409376577,1.2774242162704468,1.2061791048050898,-1.061622027346388,0.04099989163024239,-0.005382364628111115,0.6364912280701754
Brazil_DUP2_farm6_field317_soybean_2018,Brazil,soybean,10536,4.015865006242509,0.7756866894736989,0.8308587074279785,0.8869280503150382,0.18264083273342369,0.46514939648326975,0.42492989446468266,0.7892815620139448
Brazil_DUP2_farm6_field318_soybean_2019,Brazil,soybean,7641,3.289870148068493,0.7202197927745272,0.7688364386558533,0.7576484498752614,0.09634055497419447,0.2536527954979759,0.27850427671493294,0.6722543906806967
Brazil_DUP2_farm6_field319_corn_2024,Brazil,corn,1419,5.962977327312286,1.5999689624049527,1.6752136945724487,1.6435672883104409,-0.02916441306643991,0.2692723486426331,0.08860286252414938,0.6594837748960725
Brazil_DUP2_farm6_field325_wheat_2018,Brazil,wheat,1296,2.8015673513605672,1.707127075667283,1.7685096263885498,1.8113137261138017,-0.13054930661856345,0.41416266626387255,0.293154210283314,0.7512622512622513
Brazil_DUP2_farm6_field331_wheat_2019,Brazil,wheat,10914,3.688787491505015,1.9910663638731732,1.8442001342773438,1.8233587175886172,-0.2478466300476605,-0.025321772314942415,0.04484068972460637,0.5607272667195348
Brazil_DUP2_farm6_field332_soybean_2020,Brazil,soybean,10897,4.220376376062701,1.408514279640001,1.440223217010498,1.5364579430438217,0.12440395817116656,0.4823951677982377,0.5422541762583388,0.7533709307869365
Brazil_DUP2_farm6_field334_soybean_2020,Brazil,soybean,4060,4.1145927879436694,1.0391085893227074,1.0965371131896973,1.1604201231915248,0.06923591129429263,0.4488831307827739,0.4377796315298338,0.7217105183333737
Brazil_DUP2_farm6_field336_soybean_2018,Brazil,soybean,9882,4.296946902988108,0.8542490542912706,0.9069037437438965,0.9361358205765703,0.01937715648615157,0.43851709738152056,0.4344220835282051,0.7790937015398781
Brazil_DUP2_farm6_field343_soybean_2017,Brazil,soybean,8200,4.563625239184589,1.090722374518755,1.1058903932571411,1.0879419744947143,-0.21399300869218862,0.11471145751235626,0.10645811296564167,0.598075736168947
Brazil_DUP2_farm6_field347_corn_2019,Brazil,corn,697,6.152917896161275,1.8276047221410958,1.912044644355774,1.8674225996943388,-0.11089403042942392,0.26645405748179235,0.02070993977400984,0.6843164914080533
Brazil_DUP2_farm6_field354_soybean_2022,Brazil,soybean,4137,4.2495970602712365,0.7675271990621022,1.0258184671401978,0.9055886041548672,0.27489329852658906,0.43049674473737304,0.4344416621845022,0.7889106783870078
Brazil_DUP2_farm6_field358_corn_2024,Brazil,corn,3635,6.682407349494663,2.6758330639986583,2.7290046215057373,2.733363893098236,-0.1542255439012039,0.18534809963481721,0.12329410915887606,0.6058184602926235
Brazil_DUP2_farm6_field361_soybean_2021,Brazil,soybean,9497,4.05756824846816,0.7060040703903924,0.7421655058860779,0.7496922899063211,0.08338721011785777,0.30007931158073603,0.2758944705370644,0.7191205669828118
Brazil_DUP2_farm6_field371_soybean_2023,Brazil,soybean,10486,4.180777045713238,1.3235633157279525,1.3669848442077637,1.3810343668797278,-0.575891068921615,0.3509772032701015,0.27288610295567917,0.7332946350493452
Brazil_DUP2_farm6_field372_corn_2020,Brazil,corn,1624,8.24156806891568,3.163346351941045,3.2756705284118652,3.434285448906152,-0.224001215643445,0.6121980729336843,0.523711735582519,0.8526179901699533
Brazil_DUP2_farm6_field373_corn_2019,Brazil,corn,3080,6.013485933210975,1.9607418131758556,1.9849311113357544,1.9111149166554666,-0.5442469500082272,-0.07307804360871463,-0.11662271776389999,0.5126905359251138
Brazil_DUP2_farm6_field377_soybean_2021,Brazil,soybean,8115,4.1942049892587585,0.6650863221130355,0.7256868481636047,0.7068076328723889,0.09042487548649258,0.40386253795901417,0.3435592823601134,0.744469796375884
Brazil_DUP2_farm6_field382_wheat_2019,Brazil,wheat,8220,3.8897532717040515,1.7222348643148553,1.6791452169418335,1.6154737464970723,-0.14247424718964585,0.07961095509867369,0.019000438168315214,0.5651678521320618
Brazil_DUP2_farm6_field385_soybean_2023,Brazil,soybean,1809,3.950779344878825,1.4032632551598925,1.4562442302703857,1.4144555915653547,-0.45679203792495104,0.14106186651464336,0.014785679918393893,0.6478492365610693
Brazil_DUP2_farm6_field390_wheat_2022,Brazil,wheat,6077,3.588003768581011,0.8847130582086539,0.9045658111572266,0.8878833313330746,-0.0011634362612122917,0.17866339271973347,0.1806680678682843,0.6026312744291298
Brazil_DUP2_farm6_field392_soybean_2019,Brazil,soybean,10083,3.5459945904673695,0.8111133537540391,0.9046311378479004,0.9304045050398959,0.23860852451493597,0.5141120723235364,0.45562572719220307,0.7741265324582358
Brazil_DUP2_farm6_field398_soybean_2019,Brazil,soybean,1599,3.502337900132238,1.2347593525636,1.3619269132614136,1.5197264658817435,0.20627263150913944,0.7406293396654398,0.6191091170977967,0.8282642689601251
Brazil_DUP2_farm6_field402_corn_2020,Brazil,corn,2404,7.8094801532582165,3.3755295262291476,3.531782627105713,3.6421554458782563,-0.37500718996256044,0.66514713808621,0.5002917446368237,0.7851297835697212
Brazil_DUP2_farm6_field405_wheat_2018,Brazil,wheat,3447,4.124460636381194,2.319383138167087,2.3650665283203125,2.3699079655722333,-0.16503313626435334,0.24643488091227495,0.11239657919049073,0.6175437489815122
Brazil_DUP2_farm6_field408_corn_2019,Brazil,corn,1683,6.15457118154764,1.7286172999611704,1.7444095611572266,1.7584645032350874,-0.1532862793830989,0.09328838309557991,0.058395571336905164,0.6330615826208879
Brazil_DUP2_farm6_field413_soybean_2018,Brazil,soybean,4022,4.097793651845883,0.7702132527658127,0.7720568180084229,0.8490424450642668,0.13035848353381863,0.4832769622399635,0.4901575527502333,0.7723398791744942
Brazil_DUP2_farm6_field416_corn_2023,Brazil,corn,4092,4.441294636339053,1.9582811597885186,1.9926656484603882,2.0683367428219097,-2.449892892467047,0.6429922163054816,0.6111893933800504,0.8213939707981872
Brazil_DUP2_farm6_field419_soybean_2021,Brazil,soybean,4736,4.009311393738781,0.6838414558269964,0.731734573841095,0.7303725382001631,0.11462993913889641,0.33653791338510625,0.2260168367331916,0.7432595827819586
Brazil_DUP2_farm6_field424_soybean_2021,Brazil,soybean,1561,4.150999422715099,0.7398228880133431,0.8493167757987976,0.7893421441190022,0.11891629996568687,0.3552279432655312,0.18773687200287398,0.7787335135577947
Brazil_DUP2_farm6_field442_corn_2020,Brazil,corn,3930,6.475892312661007,1.9498188672077585,2.0509777069091797,2.1791909439425936,-0.05065515257116848,0.5951545166678559,0.5869176122603175,0.7715176207032741
Brazil_DUP2_farm6_field446_corn_2017,Brazil,corn,2326,6.881792173862222,1.8599397574433287,2.1332552433013916,2.149377173398476,0.18251473087769443,0.6237389997064604,0.1705628332157766,0.8488358945959664
Brazil_DUP2_farm6_field457_soybean_2018,Brazil,soybean,9257,4.344756899323409,0.7619964922892316,0.796317994594574,0.8902879882840081,0.015336772750709993,0.570264438950488,0.5988907671376646,0.8383173910570613
Brazil_DUP2_farm6_field458_corn_2024,Brazil,corn,4132,6.164187557712713,1.601726141527182,1.675960659980774,1.7540176526081837,0.13076138958525985,0.5210715334136401,0.390522667819044,0.7406450597917852
Brazil_DUP2_farm6_field460_wheat_2022,Brazil,wheat,10750,3.8511154259092866,0.8646412312687264,0.9239312410354614,0.9476378464714403,0.14089079383257608,0.31745547521382594,0.2610757973617178,0.7456564629529476
Brazil_DUP2_farm6_field472_soybean_2021,Brazil,soybean,7061,4.1214410841556735,0.6910712805015996,0.7393761873245239,0.7152568874594292,-0.04795884173261733,0.2931973585414605,0.2364970269353138,0.6793049014713637
Brazil_DUP2_farm7_field479_soybean_2018,Brazil,soybean,3125,3.7742045267914315,1.1704605003984223,1.1441662311553955,1.1493403929603478,-2.4150354452985674,0.09803837086920145,0.37062629523539925,0.5605776
Brazil_DUP2_farm7_field482_soybean_2019,Brazil,soybean,7052,3.8915174226907543,1.514166129035935,1.518994688987732,1.5610268221467376,-4.434444074383296,0.6467718930801528,0.6408216794491828,0.8189093695029971
Brazil_DUP2_farm7_field484_soybean_2017,Brazil,soybean,9125,3.646799021566044,1.0590620234931438,1.0667881965637207,1.050436642569786,-0.0708112538808392,0.12667350886297005,0.14109461316419358,0.5890874085194221
Brazil_DUP2_farm7_field486_soybean_2019,Brazil,soybean,12494,3.8963499997083533,1.3983711641044836,1.4073081016540527,1.4440928004238898,-4.056251804229328,0.6514360701661138,0.6616484280648348,0.8448046952647992
Brazil_DUP2_farm7_field487_soybean_2019,Brazil,soybean,12775,3.6984303498776905,1.4782226435097263,1.4555306434631348,1.4829365950637587,-5.58574067697131,0.5296185499643284,0.5534821149797713,0.7684228251187086
Brazil_DUP2_farm9_field502_soybean_2022,Brazil,soybean,13361,4.188107871874793,0.8263797121195664,0.881820797920227,0.8334736494261833,0.005043000579996293,0.174602749775296,0.06022858757616008,0.6235640916539537
Brazil_DUP2_farm9_field510_wheat_2020,Brazil,wheat,13338,3.517958713215273,0.910689679626085,0.9601295590400696,0.9560634022243419,-0.09222038292449808,0.31360344480903385,0.24228325969804348,0.6718336063926799
Brazil_DUP2_farm9_field514_soybean_2018,Brazil,soybean,13071,4.2237180588922785,1.01389796390494,1.068819284439087,1.1231972878707832,0.17190143341658215,0.2942683924440826,0.2251084040403442,0.731528495628042
Brazil_DUP2_farm9_field519_corn_2023,Brazil,corn,6439,7.290381594826215,1.8710389464610901,1.9226006269454956,1.8977212328519117,-0.04606665490944861,0.16587668054070184,0.05167618115192114,0.5651434594500736
Brazil_DUP2_farm9_field528_wheat_2023,Brazil,wheat,9281,3.089036775158884,0.9277144829113001,0.9062027335166931,0.9806411355577045,0.0688977625083228,0.40085104661748283,0.35764054878233104,0.7281709366818004
Brazil_DUP2_farm9_field545_soybean_2019,Brazil,soybean,9406,3.6988968941040405,0.7242544512913341,0.7997318506240845,0.8168582378111175,0.21329976041206244,0.503139283661352,0.5055842242162912,0.7754825719581857
Germany_DUP3_farm1_field10_wheat_2016,Germany,wheat,877,9.55169284316145,2.9781158867934425,3.0632338523864746,3.1969357682726076,0.117981106397265,0.5358132793190449,0.5239138289293431,0.6750583581895993
Germany_DUP3_farm1_field22_rapeseed_2016,Germany,rapeseed,2522,4.2925847536252295,1.9667759795624826,2.0354905128479004,2.0351689030976257,-1.9909152998988557,0.5201284257267235,0.22090189554612527,0.8122621087096314
Germany_DUP3_farm1_field24_rapeseed_2017,Germany,rapeseed,1981,4.497773979433418,2.1996050994743097,2.242297649383545,2.216024657576047,-1.2523073182840534,0.25094343501823385,0.15103192991313172,0.6492522835406968
Germany_DUP3_farm1_field2_wheat_2016,Germany,wheat,4828,9.184990332113768,3.6274801504359506,3.694977045059204,3.8179646662300524,-0.24931694516043068,0.5881025415311599,0.6111545946253761,0.8313075697484542
Germany_DUP3_farm1_field30_wheat_2017,Germany,wheat,342,10.587294275604853,5.282756821747103,5.291136264801025,5.259493435955799,-0.20682713338226288,-0.1180284960453838,-0.09080845791666083,0.48176461219939476
Germany_DUP3_farm1_field33_wheat_2016,Germany,wheat,2366,8.829334683749359,2.5107294370306894,2.5207505226135254,2.728639280795834,0.15325226535698322,0.5620864252199547,0.5482422307617291,0.7896751590083942
Germany_DUP3_farm1_field34_wheat_2017,Germany,wheat,1498,11.05260392259018,5.503727577044302,5.433881759643555,5.416168482229281,-0.6402354977451452,-0.040306082409195025,-0.06567112245446928,0.44569282136894833
Germany_DUP3_farm1_field36_wheat_2017,Germany,wheat,762,10.96851060946032,4.738463041604368,4.79690408706665,4.903889664919555,-0.2324817144663407,0.33013372841712674,0.30627544631410686,0.7062257853332904
Germany_DUP3_farm1_field39_wheat_2019,Germany,wheat,2047,9.05805705349524,2.348386724591354,2.5179665088653564,2.5900183597937576,0.1036746935328079,0.5207171192991782,0.2870802088007841,0.695549562703935
Germany_DUP3_farm1_field42_wheat_2019,Germany,wheat,6234,10.351261207040718,1.8069732501792477,1.7920622825622559,1.930390902765292,0.11519957877956277,0.48855832142899686,0.5001544402067312,0.7388240700882439
Germany_DUP3_farm1_field43_wheat_2016,Germany,wheat,805,9.230662198301195,4.915132948724687,4.900403022766113,4.978749911564432,-1.2829554653894961,0.37537887016648575,0.4343901811028259,0.7054897573396088
Germany_DUP3_farm1_field46_wheat_2019,Germany,wheat,3969,10.155315586278467,1.9144428648692224,2.011636972427368,2.106701122324855,0.1579784541448619,0.500718585895497,0.40241549826187006,0.731636882921121
Germany_DUP3_farm1_field4_rapeseed_2016,Germany,rapeseed,4409,4.791467285500691,1.226382458393826,1.32792329788208,1.3381302524544278,0.13541623717411688,0.4471864017544451,0.14332187217466447,0.748299641187162
Germany_DUP3_farm1_field61_wheat_2019,Germany,wheat,1064,9.177054296278941,1.7526896832409018,2.2279012203216553,2.3825933333123457,0.4554586489135575,0.7690335299977445,0.5398843204601926,0.8457489945548733
Germany_DUP3_farm1_field62_wheat_2019,Germany,wheat,1599,9.715233521035897,1.7747084082304727,2.0344390869140625,2.194434386966693,0.18722447966885625,0.7263609307024564,0.610670383705976,0.838294077404222
Germany_DUP3_farm1_field8_rapeseed_2016,Germany,rapeseed,2060,4.813051996337253,1.1881834256169777,1.402533769607544,1.3782533234127445,0.24061427024048543,0.6070994907225358,0.10224753044115933,0.807153956639925
Germany_DUP3_farm2_field129_wheat_2021,Germany,wheat,1275,9.865433835884982,1.6799482369479914,1.8540124893188477,2.0263568153620577,0.27453220112901566,0.5111490457621094,0.4090263559208857,0.8315455594002306
Germany_DUP3_farm2_field143_wheat_2016,Germany,wheat,691,10.059086008261767,3.701392983641959,3.7104954719543457,3.7071353798280517,-3.5135031881663457,0.32529559564594823,0.22890399196464775,0.6677875091231362
Germany_DUP3_farm2_field146_rapeseed_2021,Germany,rapeseed,709,5.196394283671196,1.0933489485357852,1.170363187789917,1.223045198328125,-0.08433015919754427,0.6011315304221082,0.3928304583276638,0.7680403408102939
Germany_DUP3_farm2_field158_wheat_2018,Germany,wheat,1466,9.582070243500828,2.2773968654939534,2.3638670444488525,2.482283607408452,-0.5371776788387623,0.5801377903222172,0.46718773158313776,0.8044653014789532
Germany_DUP3_farm2_field165_wheat_2019,Germany,wheat,843,9.70051779152703,2.1651784273768913,2.529879093170166,2.6204677966366967,0.3159514224374377,0.671980881753748,0.3555410277342649,0.8380418941934579
Germany_DUP3_farm2_field166_wheat_2020,Germany,wheat,851,9.68608801941896,2.394131790703402,2.8278775215148926,2.9407355351271587,0.31988341625787375,0.7557476892563567,0.4244819379837792,0.8387770897832817
Germany_DUP3_farm2_field173_rapeseed_2020,Germany,rapeseed,910,5.962296943332127,1.719547287718228,1.9069185256958008,1.9681342116716642,0.11587699499669402,0.520496945511071,0.45507238398561334,0.7481206979833354
Germany_DUP3_farm2_field175_wheat_2021,Germany,wheat,649,9.328637640608333,1.8975973164654325,1.8571069240570068,1.9603860275754272,-0.5927597956094401,0.5188698474672566,0.48922481859425804,0.8641025641025641
Germany_DUP3_farm2_field181_wheat_2017,Germany,wheat,538,9.518907265601449,2.0146865297798815,2.1199634075164795,2.32929921136019,-0.06212467727732007,0.7389073217774634,0.7091307596749581,0.8575950043839952
Germany_DUP3_farm2_field187_wheat_2017,Germany,wheat,772,10.304224988210095,1.6942535826413072,1.7361783981323242,1.7605111210242688,0.06016867756883115,0.34729164414650227,0.14584826292529268,0.7318973179275371
Germany_DUP3_farm2_field188_wheat_2017,Germany,wheat,1374,10.228149173767004,1.5321516454159736,1.5932761430740356,1.6996211752414627,0.1768996065022791,0.4272023854749142,0.3772541481696174,0.7897329795939918
Germany_DUP3_farm2_field199_rapeseed_2022,Germany,rapeseed,3136,4.672652561826252,0.6655200144592457,0.7311932444572449,0.7951733601748459,0.27960355181912644,0.6894303815218311,0.4604860385976809,0.8851198457928261
Germany_DUP3_farm2_field204_wheat_2022,Germany,wheat,644,9.578254772507838,1.3565261908197204,1.377761721611023,1.4462224757141753,-0.180681229677903,0.42610623561473737,0.4279690783549432,0.7930909911944004
Germany_DUP3_farm2_field212_wheat_2022,Germany,wheat,406,9.011199710881513,2.6638253246994017,2.7478675842285156,2.590812123423402,-0.8617828377787098,0.005281796133506623,-0.19900392490542856,0.37876392652815416
Germany_DUP3_farm2_field77_wheat_2021,Germany,wheat,1016,9.544095145599476,1.775241703059707,1.8209025859832764,1.7993893620953967,-0.20553895921455334,0.19641940465099114,0.07125828177718854,0.6718655078042766
Germany_DUP3_farm3_field227_wheat_2019,Germany,wheat,2039,8.17802346057832,3.391172991365535,3.3995120525360107,3.430216359099899,-9.446517582886218,0.440613404049153,0.3784771203257227,0.7959297703511481
Germany_DUP3_farm3_field230_rapeseed_2020,Germany,rapeseed,2095,3.604111970632339,0.9667518513441549,1.1795469522476196,1.2421970131344802,0.3913920797426389,0.5865878412130188,0.25231841877405764,0.8425490285427858
Germany_DUP3_farm3_field236_rapeseed_2017,Germany,rapeseed,3866,4.457729989940696,1.7509025523560273,1.782550573348999,1.8706751312541527,-2.4723868966017197,0.6619842329857774,0.6500187009716186,0.8802640639676953
Germany_DUP3_farm3_field240_rapeseed_2018,Germany,rapeseed,4380,3.874683939071975,0.9495994228934365,1.0622243881225586,0.9816774418563967,-1.1601769565433737,0.4749078772762525,-0.017472630874017247,0.8277259127207522
Germany_DUP3_farm4_field244_wheat_2019,Germany,wheat,2597,10.136457484148863,2.542896213017523,2.7033050060272217,2.7184099483103896,-1.5125167301284175,0.5249234615247217,0.3300148427071434,0.830432989766974
Germany_DUP3_farm4_field252_wheat_2020,Germany,wheat,119,9.810713396714624,1.2848922252192818,1.3942294120788574,1.2851780522273524,-0.24953771214336395,0.031527128678865236,-0.14133796235037246,0.4412280701754386
Germany_DUP3_farm4_field254_rapeseed_2016,Germany,rapeseed,1355,4.335557135127479,1.9454710852070132,1.9846433401107788,2.1323321080231885,0.12473769761824305,0.44082734785402283,0.4588092547930928,0.851622390762653
Germany_DUP3_farm4_field256_rapeseed_2017,Germany,rapeseed,2559,4.617119368372287,2.2948230849778892,2.3236336708068848,2.307725467407362,-7.810813712810267,0.38277051228282005,0.10724525287792526,0.7829040020456767
Germany_DUP3_farm4_field259_rapeseed_2017,Germany,rapeseed,81,4.5617320381947275,1.8744290215343036,1.8535265922546387,1.880935827716299,-0.08793941723385745,0.1581996183436261,0.23466841316325754,0.7362132352941178
Germany_DUP3_farm5_field268_wheat_2017,Germany,wheat,55,9.189030777065053,1.871127853628343,1.7970831394195557,1.8680181549442125,-0.01414130312596007,0.26551226551226553,0.32424242424242433,0.7024793388429752
Germany_DUP3_farm5_field271_rapeseed_2017,Germany,rapeseed,1867,4.712562677041755,3.6526371440659515,3.659374475479126,3.641265820966026,-204.24791734340752,0.30109070412208033,-0.007515370820923472,0.7029345501824915
Germany_DUP3_farm6_field284_rapeseed_2020,Germany,rapeseed,1995,4.296196680510444,1.0044368641448937,0.9693124890327454,0.9273204351491227,-2.1959366201307136,0.2579310422931506,0.20763290536212622,0.7129921630094045
Uruguay_DUP4_farm10_field309_soybean_2019,Uruguay,soybean,5466,3.733020738512785,1.2332502099662217,1.3285247087478638,1.3012507436668834,0.09117698957119458,0.38390524059509085,0.04309288846881636,0.7319525969628429
Uruguay_DUP4_farm10_field319_soybean_2019,Uruguay,soybean,3404,3.753263871220058,1.2986375894492093,1.3509836196899414,1.2889625987219313,-0.3543643092221378,0.1130252195178172,-0.015672340941245578,0.6126575541034847
Uruguay_DUP4_farm10_field329_soybean_2020,Uruguay,soybean,7628,2.4063690907173076,1.064130630054869,1.039313554763794,1.0124307389083316,-0.5075366127097252,0.23525080640014845,0.24562995222314835,0.5541618485676145
Uruguay_DUP4_farm10_field333_soybean_2021,Uruguay,soybean,1389,2.273320978043314,1.231552380717263,1.256272554397583,1.198551845608666,-0.07319979524031894,0.20996250744911227,0.07195029782404211,0.6418316481878799
Uruguay_DUP4_farm10_field350_soybean_2021,Uruguay,soybean,2802,2.3349070893445716,0.9796352302824703,0.9141587615013123,0.9285793185293801,-0.9180055203093687,0.3074362422187221,0.37436189809973763,0.7200503960252091
Uruguay_DUP4_farm10_field358_soybean_2021,Uruguay,soybean,5134,2.449754165730235,0.978808937140854,0.9830498695373535,0.9494505616647823,-0.07106428434545942,0.24988218580824617,0.2243841376253204,0.6670182643497731
Uruguay_DUP4_farm10_field369_soybean_2018,Uruguay,soybean,1437,1.355318120402,0.7762154325122756,0.8241485953330994,0.8293155976883806,-1.232446532607081,0.531663992537629,0.506469979133432,0.6841763827140654
Uruguay_DUP4_farm10_field372_soybean_2018,Uruguay,soybean,2014,1.252863028890512,0.7095868020269471,0.730634868144989,0.641328995726975,-0.9691645540105187,0.23119558119674663,0.1368530450444378,0.6284326520108816
Uruguay_DUP4_farm10_field390_soybean_2018,Uruguay,soybean,1733,2.511321315956445,1.7277499489584263,1.747888445854187,1.8238608830322063,-0.28083146758184063,0.4393370349782042,0.3946451811494234,0.7073301796755053
Uruguay_DUP4_farm10_field394_soybean_2018,Uruguay,soybean,2159,1.3008001805165688,1.4455358995851066,1.4029762744903564,1.414446458811393,-0.045031333951209396,0.2399172306693358,0.3243660484916738,0.6375887323339552
Uruguay_DUP4_farm10_field399_soybean_2018,Uruguay,soybean,97,1.1987653681191566,1.1065418879352114,1.0766068696975708,1.132608823592217,-0.0782730435061707,0.24297258822484993,0.349256657180968,0.5533333333333332
Uruguay_DUP4_farm10_field408_soybean_2018,Uruguay,soybean,4165,1.4568291879380006,1.1144833886680225,1.1036474704742432,1.092316974583822,-0.08677517660143375,0.393714717150824,0.3353612353011982,0.6830238001133168
Uruguay_DUP4_farm10_field409_soybean_2018,Uruguay,soybean,2044,1.5112299696208926,1.1834130845932733,1.1333459615707397,1.1097390047551356,-0.23646533496646938,0.3488322341217759,0.3292480296056885,0.6492908578095038
Uruguay_DUP4_farm10_field418_soybean_2018,Uruguay,soybean,1456,1.3820491692625896,0.9561454369334502,0.9537487626075745,0.8547620792961745,-0.26152036215564567,-0.04239424864679668,-0.1750707844717863,0.5693375464859012
Uruguay_DUP4_farm10_field419_soybean_2018,Uruguay,soybean,1110,1.4827453706140379,1.266003924256602,1.1975409984588623,1.2104964713974529,-0.18877062917125542,0.2290246306552393,0.31093449454220423,0.5977420948616601
Uruguay_DUP4_farm10_field421_soybean_2018,Uruguay,soybean,3098,1.6872561267145851,1.0911157957875655,1.0719587802886963,1.0924509834996181,-0.10186475598468703,0.4171210626561186,0.4017210800215887,0.7616152869220782
Uruguay_DUP4_farm10_field425_soybean_2018,Uruguay,soybean,1374,1.2725335977642636,0.8700640954597589,0.8338435888290405,0.746729689768736,-1.8378753706444644,0.13903153313714187,0.09621791475852122,0.5758716375032645
Uruguay_DUP4_farm10_field430_soybean_2018,Uruguay,soybean,3246,1.3246658556618245,1.083478940663588,1.0476906299591064,1.0586476510212994,-0.04761339883390825,0.4570923951251813,0.3994011056786331,0.7169574493303308
Uruguay_DUP4_farm10_field437_soybean_2018,Uruguay,soybean,560,1.3944044305090222,5.844819159276682,5.820460796356201,5.741420391847547,-0.3210675865944663,0.023876039899415013,0.09412227573613324,0.6852764744313121
Uruguay_DUP4_farm10_field454_soybean_2018,Uruguay,soybean,62,2.2782058585227083,0.9523357580858527,0.8849450349807739,0.7912262742005625,-4.38660557445341,0.12588311078803016,-0.02090495837416267,0.5604395604395604
Uruguay_DUP4_farm10_field458_soybean_2018,Uruguay,soybean,3138,1.0891463587074717,1.0452910598681575,1.0646827220916748,1.1049899682780033,-0.03640149264101944,0.4269981122476922,0.3133755370617772,0.6935585682746721
Uruguay_DUP4_farm10_field461_soybean_2018,Uruguay,soybean,7601,1.3101894606474973,1.1801735281944272,1.1258833408355713,1.1201593673935015,-0.13992803648483987,0.2227204808463525,0.2377754598704653,0.59079936290946
Uruguay_DUP4_farm10_field467_soybean_2018,Uruguay,soybean,2442,2.031268335034272,0.9996660927046855,1.0128813982009888,0.9740820213322324,-0.06499298508259699,0.1992914027439746,0.06168180968627226,0.6229734426960929
Uruguay_DUP4_farm10_field486_soybean_2022,Uruguay,soybean,1827,2.9972757872482414,1.03584303709203,1.1234155893325806,0.9801913225176392,-0.11772277770414918,0.14138874639707796,-0.13859741925165836,0.594925534694487
Uruguay_DUP4_farm10_field492_soybean_2022,Uruguay,soybean,4338,3.7868006107659413,0.9818184645032622,1.011538028717041,0.9737754470565085,-0.35461716436659363,0.20626840416825476,0.19188642247952964,0.6333862232879349
Uruguay_DUP4_farm10_field494_soybean_2022,Uruguay,soybean,2846,3.210398480237716,1.176333209007279,1.175525188446045,1.1415281703685636,-0.06459229325372928,0.1540847333737677,0.16304061830732483,0.5602754139302561
Uruguay_DUP4_farm10_field499_soybean_2022,Uruguay,soybean,941,3.7139828638551133,1.4929669537102577,1.5031030178070068,1.4540952820544275,-1.3795274778813225,0.024031506964466754,0.06477941475359536,0.5691832460732985
Uruguay_DUP4_farm10_field501_soybean_2022,Uruguay,soybean,5389,2.675996279358384,1.5389403779309687,1.518232822418213,1.5866701800815237,-1.2548824572522794,0.4140755335391693,0.422069335907217,0.7442263546502663
Uruguay_DUP4_farm10_field507_soybean_2022,Uruguay,soybean,4563,3.281987495137823,1.2045659380172196,1.1963002681732178,1.3033159665441774,0.0849198075808465,0.47123510870677376,0.504069449284021,0.7449792194931657
Uruguay_DUP4_farm10_field509_soybean_2022,Uruguay,soybean,3270,3.0472441279700226,0.9671636355680723,0.9322385787963867,0.9463612306147076,-0.12462715190162355,0.16524527199834696,0.1795525764371375,0.5888983577888132
Uruguay_DUP4_farm10_field519_soybean_2022,Uruguay,soybean,4180,3.6035802210045427,1.08770659426844,1.0789247751235962,1.0111182428038614,-0.3847870008829086,0.05480662490299741,0.0623284831500724,0.5599191439069618
Uruguay_DUP4_farm10_field545_soybean_2022,Uruguay,soybean,246,2.822949841278755,1.3728501791759466,1.3410851955413818,1.4021789880877464,-1.5580765512204722,0.3248586972892492,0.3671897592598144,0.703265306122449
Uruguay_DUP4_farm10_field549_soybean_2022,Uruguay,soybean,13607,2.425398716164348,2.013287304491913,2.0024750232696533,2.0762593735871913,-1.047851386214063,0.37160545506982073,0.4100806023575509,0.7156819997455194
Uruguay_DUP4_farm10_field550_soybean_2022,Uruguay,soybean,8655,1.9839774628859215,1.0753244415521872,1.0833663940429688,1.2198206426724156,0.08616463139309893,0.5349263344446784,0.5543268645705319,0.7554455638022255
Uruguay_DUP4_farm10_field554_soybean_2022,Uruguay,soybean,1167,3.8178630523984194,1.6600175979214538,1.6641647815704346,1.6966081037224205,-0.16772076067880892,0.27438486709547266,0.3414454330670731,0.6523346250034354
Uruguay_DUP4_farm10_field566_soybean_2019,Uruguay,soybean,1415,3.816670905111974,1.2985443382653743,1.2900052070617676,1.2589413198920396,-0.20025253249956698,0.11403362235512339,0.19363345704000082,0.5654059928582519
Uruguay_DUP4_farm10_field572_soybean_2019,Uruguay,soybean,2140,2.857580836968433,1.2206154991186975,1.1863629817962646,1.188514728922219,-0.12023795370655899,0.32088487282035416,0.29209734725365794,0.6536393244987978
Uruguay_DUP4_farm1_field3_soybean_2019,Uruguay,soybean,3315,3.47188670987153,1.373400500452305,1.363877296447754,1.3035103798474792,-2.560029646285095,0.14517829112083008,-0.04781728996283156,0.6236417618071072
Uruguay_DUP4_farm2_field11_soybean_2021,Uruguay,soybean,2172,2.475925543636247,1.079888196506384,1.0774723291397095,1.0668574955416794,-0.04556149078512006,0.28958405905309165,0.29313026919013263,0.6662090960977467
Uruguay_DUP4_farm2_field12_soybean_2021,Uruguay,soybean,2183,2.1274191636356745,1.139255186258704,1.1710094213485718,1.1403096521926703,-0.1156734726441051,0.16005476098177168,0.11102461635237963,0.5683215771387231
Uruguay_DUP4_farm2_field20_soybean_2021,Uruguay,soybean,2407,2.095622631232107,1.0487347299077217,1.0701608657836914,1.056530934603721,-0.011560270916381565,0.1785525806362053,0.23340405150048824,0.6428488544500457
Uruguay_DUP4_farm2_field26_soybean_2019,Uruguay,soybean,1809,3.153806455632971,1.177847089709428,1.230439305305481,1.2406375630013018,0.066919441688157,0.39073832170697825,0.3144849750941385,0.6961345057596781
Uruguay_DUP4_farm2_field27_soybean_2021,Uruguay,soybean,1661,2.272373459084673,0.7355202290955217,0.7880477905273438,0.7368457803480406,-0.2705914593526828,0.34125624227486895,0.2562168982777097,0.7421404365346173
Uruguay_DUP4_farm2_field31_soybean_2018,Uruguay,soybean,1830,1.5654141310022966,1.306583451903207,1.2253865003585815,1.1901719978487306,-0.45289974964295565,0.23634098295284023,0.1567538358627746,0.5884087230709919
Uruguay_DUP4_farm2_field32_soybean_2018,Uruguay,soybean,4308,2.206568522289005,1.6473564249391341,1.5894049406051636,1.5861350017404738,-3.065005828554952,0.45104861658257883,0.4527372322466061,0.7083824221553683
Uruguay_DUP4_farm2_field33_soybean_2018,Uruguay,soybean,1230,1.9225040383754355,0.9468961538081668,0.8932241201400757,0.9265914992990691,-0.5328852685117662,0.3292900202077346,0.36339087372491763,0.6496778329600417
Uruguay_DUP4_farm2_field39_soybean_2018,Uruguay,soybean,1099,1.9403625901878983,4.486623912742526,4.5192694664001465,4.565329967110737,-0.7295199103871195,0.28576577231070094,0.26335741285591036,0.6433531593166713
Uruguay_DUP4_farm2_field8_soybean_2019,Uruguay,soybean,2270,3.3954085169019588,1.108725576628445,1.0847313404083252,1.1138123416355619,-0.12501631266189017,0.27722894170866375,0.25890891586713116,0.6712894680665257
Uruguay_DUP4_farm2_field9_soybean_2020,Uruguay,soybean,637,1.751635375687509,0.7910793645841351,0.7793618440628052,0.7583662670521386,-0.3312568236767548,0.22742703144731843,0.2738937183743488,0.5572086919367637
Uruguay_DUP4_farm3_field63_soybean_2021,Uruguay,soybean,3476,2.6275981579211662,1.0088987591787715,0.9819198846817017,0.9502481693153184,-0.130145073000284,0.1266186324494318,0.1416125745159522,0.5478400905043112
Uruguay_DUP4_farm3_field70_soybean_2019,Uruguay,soybean,2458,2.8896312230915178,1.2748585844664222,1.2795186042785645,1.3204432092543577,-0.7674551317296594,0.3858085024145965,0.4039941929485582,0.7392776453903049
Uruguay_DUP4_farm3_field73_soybean_2019,Uruguay,soybean,774,2.8271778191154375,1.5319657514602945,1.5898195505142212,1.596477270418457,-0.4454052485055069,0.4841564083966307,0.33527453358049086,0.7407580283793875
Uruguay_DUP4_farm4_field106_soybean_2018,Uruguay,soybean,1632,1.675709529953278,1.1206124878646027,1.130768060684204,1.0741902171287017,-0.43817237889563465,0.24207805782133196,0.10513238254681698,0.6609542567972129
Uruguay_DUP4_farm4_field117_soybean_2018,Uruguay,soybean,2406,1.6004817051732878,0.8866371734765124,0.7887954711914062,0.7834569874087228,-0.38530657996983786,0.5046496894447445,0.5089532759933262,0.7248384675770567
Uruguay_DUP4_farm4_field121_soybean_2018,Uruguay,soybean,1702,1.7839518171430195,1.173025526212161,1.0970439910888672,1.066616988319042,-1.8846869840819975,0.5031278766739606,0.5107088414948767,0.7630432242015461
Uruguay_DUP4_farm4_field123_soybean_2019,Uruguay,soybean,1544,3.0649940665711135,1.0923604209964233,1.0104416608810425,1.0025136784569721,-0.6918774713725677,0.38400427706775736,0.34919502341913433,0.7414200382950383
Uruguay_DUP4_farm4_field129_soybean_2019,Uruguay,soybean,1339,2.302421100084361,2.319698143744794,2.3378067016601562,2.4182255956510543,-0.8622759784030056,0.47286410779840016,0.47879369099189323,0.6806095572557382
Uruguay_DUP4_farm4_field132_soybean_2018,Uruguay,soybean,2508,1.5310653664172946,1.0138206026993548,0.9598982334136963,0.9901928124141601,-0.04894238897569281,0.47976036743202144,0.4727549331442083,0.6449694881889765
Uruguay_DUP4_farm4_field148_soybean_2022,Uruguay,soybean,968,3.1286162619236544,1.760501162426458,1.7718104124069214,1.8746544802548042,-0.0007455482191118801,0.36867054702933183,0.3820128872174226,0.6578624896774021
Uruguay_DUP4_farm4_field152_soybean_2022,Uruguay,soybean,1546,2.937663273786548,1.5168322547086783,1.5531086921691895,1.6523110702599126,0.09492678060103354,0.40527336422937094,0.38750369250484085,0.7292471844740889
Uruguay_DUP4_farm4_field166_soybean_2019,Uruguay,soybean,5809,3.582877662867892,1.0810409069694848,1.0832899808883667,1.098640550746095,-0.07785470699180053,0.2168937413983443,0.20944286457924155,0.708049705559437
Uruguay_DUP4_farm4_field75_soybean_2019,Uruguay,soybean,1013,3.485135920420249,1.8319949023410311,1.8530868291854858,1.8575738854030166,-0.6518862314076495,0.2604686001642913,0.22816272479308272,0.6888553489495289
Uruguay_DUP4_farm4_field76_soybean_2019,Uruguay,soybean,896,3.285809309141124,1.516534795525331,1.4917737245559692,1.4748473385694947,-0.18355877888119188,0.17922693677625312,0.1431245227579994,0.6245266914959653
Uruguay_DUP4_farm4_field80_soybean_2019,Uruguay,soybean,7806,3.559533943757904,1.1908695765987134,1.192508578300476,1.1732685642097405,-0.17721772763851362,0.1782458551033626,0.2636157726972052,0.7032871915553656
Uruguay_DUP4_farm4_field89_soybean_2021,Uruguay,soybean,131,1.6844494976929414,0.533589889089754,0.6209728121757507,0.40229769674844607,-1.0625875919170826,-0.19381947767636165,-0.33361275033352045,0.565883190883191
Uruguay_DUP4_farm4_field91_soybean_2021,Uruguay,soybean,1370,1.5702778354920586,0.7391551032649617,0.8275996446609497,0.6950099820915533,-0.1519092509417519,0.3952598107911885,-0.026238073351525625,0.7030369447903695
Uruguay_DUP4_farm4_field94_soybean_2021,Uruguay,soybean,592,1.8429866493703475,1.0176031343332796,1.1265689134597778,1.0179566280755563,-0.5616273022984364,0.23235753424285624,-0.06926970024794031,0.59944569794091
Uruguay_DUP4_farm4_field98_soybean_2021,Uruguay,soybean,462,1.6285656719706052,0.7817715543427058,0.884375810623169,0.7529745842727754,-0.3436724329364922,0.034812849049065085,-0.06485551266788404,0.4749102937878448
Uruguay_DUP4_farm6_field174_soybean_2019,Uruguay,soybean,3136,2.538667392987519,0.8538606498854042,0.8274703621864319,0.9091768937520137,-0.008394827649599756,0.5315759980047675,0.5361413022702631,0.7277275971021291
Uruguay_DUP4_farm7_field182_soybean_2020,Uruguay,soybean,8284,3.1624873789823877,1.0928579323032224,1.0832382440567017,1.0844717268866786,-0.028655877898801974,0.4211612081805529,0.4020147119503367,0.6973828012340293
Uruguay_DUP4_farm7_field188_soybean_2018,Uruguay,soybean,3042,1.4703210529454447,3.5082822371639497,3.4942729473114014,3.57461988208111,-1.1151397704518402,0.30397804907267373,0.3523370810264434,0.6943206980753915
Uruguay_DUP4_farm7_field190_soybean_2018,Uruguay,soybean,2449,1.4652156118958266,1.4498472112142355,1.408109188079834,1.3406115960472713,-0.1858586998590812,0.0589940100469397,0.047755615805914746,0.5274416208648546
Uruguay_DUP4_farm7_field194_soybean_2018,Uruguay,soybean,3096,1.5391278646527917,0.742700078305071,0.6614612340927124,0.5794794350446363,-0.8905414847753916,0.2490238611832853,0.19616339634339047,0.5974309704588832
Uruguay_DUP4_farm7_field197_soybean_2018,Uruguay,soybean,3077,1.8396548716598977,1.7967185127588974,1.7265400886535645,1.6316641100267208,-0.2896731645822541,-0.08449108783282185,-0.1250646095369474,0.5296522778149486
Uruguay_DUP4_farm7_field207_soybean_2018,Uruguay,soybean,1573,2.1684926565215634,1.1022620142941544,1.0149697065353394,0.979912453157602,-0.4434377899649895,0.22751339595064662,0.239090780472813,0.6819213711192964
Uruguay_DUP4_farm7_field210_soybean_2018,Uruguay,soybean,4218,1.8870132727168967,1.2460907579814062,1.2003575563430786,1.1330769315337739,-0.23259524060751002,-0.002347876210734556,0.020216325481170402,0.5664849013086476
Uruguay_DUP4_farm7_field212_soybean_2018,Uruguay,soybean,3936,1.489818521563617,1.5223301417490944,1.4795442819595337,1.4726784682599499,-0.09666974823764996,0.22803335277086073,0.21536691487627097,0.6863087674714103
Uruguay_DUP4_farm7_field225_soybean_2019,Uruguay,soybean,5877,3.5028132543463384,1.6226176200933746,1.65537428855896,1.6426449907677627,-0.33257701143396745,0.3249829131045623,0.18240122953922178,0.5982586453117373
Uruguay_DUP4_farm7_field226_soybean_2019,Uruguay,soybean,28432,3.1022898852786613,1.3196365091153202,1.3684372901916504,1.3313510293977409,0.01752053079957283,0.20753545137523174,0.1649430091994312,0.6219882951161786
Uruguay_DUP4_farm8_field243_soybean_2019,Uruguay,soybean,1617,3.714176555512135,1.5229778039916824,1.5045807361602783,1.4822114702149438,-0.13987307102477908,0.18485640286988908,0.17718881443329637,0.5839152179090259
Uruguay_DUP4_farm8_field245_soybean_2021,Uruguay,soybean,916,2.172148848546108,1.05703203129967,0.9823225140571594,0.8977804747395142,-4.798327697624341,0.10962111217730515,0.04560776926429638,0.5293567355666429
Uruguay_DUP4_farm8_field252_soybean_2019,Uruguay,soybean,691,2.5543479876644692,1.0801331498978235,1.173223853111267,1.1088058114020143,-0.09425370363100205,0.43532882241167925,0.3037929676003205,0.7321623023074929
Uruguay_DUP4_farm8_field254_soybean_2019,Uruguay,soybean,539,2.1502094455547587,1.0701822777807022,1.1050156354904175,1.06981775542999,-0.06597535935239685,0.3296738526781176,0.3682778077661466,0.6970439116610809
Uruguay_DUP4_farm8_field257_soybean_2019,Uruguay,soybean,89,2.6048591468314495,1.456232106552983,1.490950584411621,1.5746074160450647,-0.5765427068873692,0.5068294343454278,0.43624941116391136,0.8192488262910799
Uruguay_DUP4_farm8_field258_soybean_2019,Uruguay,soybean,776,2.8772250655105864,0.8586374167633573,0.9190433025360107,1.0001934724050807,0.18835894649696605,0.6011642866532964,0.5654861447725935,0.890351193109906
Uruguay_DUP4_farm9_field265_soybean_2019,Uruguay,soybean,1404,2.1177656280863406,0.6764367080672218,0.6272189021110535,0.7295269636990773,0.1399555628434952,0.5472895421910886,0.5198453753245922,0.7802882963532687
Uruguay_DUP4_farm9_field270_soybean_2018,Uruguay,soybean,922,2.3628047906207126,1.679452833717562,1.6627451181411743,1.7023532382407351,-0.7686497427101262,0.2912620873282475,0.30846169623997244,0.702746708716858
Uruguay_DUP4_farm9_field271_soybean_2018,Uruguay,soybean,939,2.1394817735632996,1.1722512368649554,1.156797170639038,1.068517125106001,-1.218575738685686,0.09108147252760403,0.08210650066964244,0.523978835978836
Uruguay_DUP4_farm9_field277_soybean_2019,Uruguay,soybean,688,2.1356649180836844,0.8951019126490831,0.8911112546920776,1.0069550606379425,0.18929638118868786,0.5406903529766568,0.5303954511212545,0.7201976284584981
Uruguay_DUP4_farm9_field287_soybean_2018,Uruguay,soybean,63,2.15001122842846,1.0218021996328424,1.110898733139038,0.9538282436273443,-0.5046872382741932,-0.12635827050030116,-0.2512277130319557,0.5
Uruguay_DUP4_farm9_field288_soybean_2018,Uruguay,soybean,1156,1.9175958226200214,1.2665598898322823,1.3236361742019653,1.2455101471971766,-0.8573224434701086,0.0438783615866392,0.005520537688699247,0.5040602925635465
