field_id,country,crop,group,target,agrifm_frozen_context,convlstm_context
Argentina_DUP1_farm14_field114_soybean_2022,Argentina,soybean,Argentina|soybean,4.077847957611084,3.317362580083403,3.610191487016058
Argentina_DUP1_farm14_field117_corn_2023,Argentina,corn,Argentina|corn,7.169715881347656,6.981494827221466,6.768702415926873
Argentina_DUP1_farm15_field125_soybean_2018,Argentina,soybean,Argentina|soybean,3.900073528289795,3.6022776544569353,3.435653168855287
Argentina_DUP1_farm15_field135_soybean_2019,Argentina,soybean,Argentina|soybean,3.92604660987854,3.479411828746658,3.783652645996522
Argentina_DUP1_farm15_field144_soybean_2020,Argentina,soybean,Argentina|soybean,3.5069212913513184,3.6684163673520196,2.917480032158016
Argentina_DUP1_farm15_field150_soybean_2021,Argentina,soybean,Argentina|soybean,5.143073081970215,2.960484367822369,3.6484378078111126
Argentina_DUP1_farm15_field154_soybean_2022,Argentina,soybean,Argentina|soybean,5.319962501525879,2.321154433785793,3.8528442762225126
Argentina_DUP1_farm16_field157_soybean_2023,Argentina,soybean,Argentina|soybean,1.2494542598724365,3.600403811065091,1.9092338302370548
Argentina_DUP1_farm17_field168_soybean_2018,Argentina,soybean,Argentina|soybean,1.223634123802185,3.3219418727896066,2.779510224034038
Argentina_DUP1_farm17_field169_soybean_2019,Argentina,soybean,Argentina|soybean,4.524634838104248,5.248046949324865,4.515303108848533
Argentina_DUP1_farm17_field182_soybean_2019,Argentina,soybean,Argentina|soybean,4.038310527801514,3.5412062752432196,4.3751804168054935
Argentina_DUP1_farm17_field183_soybean_2021,Argentina,soybean,Argentina|soybean,2.280846118927002,3.7892634224876343,3.915542513442343
Argentina_DUP1_farm17_field189_soybean_2021,Argentina,soybean,Argentina|soybean,1.8797327280044556,3.573295100658001,3.9452482247551246
Argentina_DUP1_farm19_field196_soybean_2022,Argentina,soybean,Argentina|soybean,5.2486891746521,3.614706655557594,4.194334910033889
Argentina_DUP1_farm19_field197_corn_2022,Argentina,corn,Argentina|corn,12.48502254486084,10.350366333189973,10.437991761554652
Argentina_DUP1_farm19_field198_corn_2022,Argentina,corn,Argentina|corn,13.68151569366455,10.299252917331572,11.693849420547028
Argentina_DUP1_farm23_field218_soybean_2019,Argentina,soybean,Argentina|soybean,2.855816602706909,3.744711370659453,3.6439841166582183
Argentina_DUP1_farm23_field231_soybean_2021,Argentina,soybean,Argentina|soybean,4.768322944641113,3.7729060875121734,2.9359269135171084
Argentina_DUP1_farm24_field238_corn_2021,Argentina,corn,Argentina|corn,9.808682441711426,8.769130857283505,6.762674980941298
Argentina_DUP1_farm25_field245_corn_2023,Argentina,corn,Argentina|corn,8.207260131835938,7.528780839529977,7.764107194318464
Argentina_DUP1_farm25_field258_corn_2023,Argentina,corn,Argentina|corn,8.343838691711426,7.972467689410587,9.831291763624193
Argentina_DUP1_farm25_field260_corn_2023,Argentina,corn,Argentina|corn,6.742878437042236,7.790533675301688,8.343076662353281
Argentina_DUP1_farm25_field263_soybean_2023,Argentina,soybean,Argentina|soybean,1.6766700744628906,2.9712575606473033,2.44256290158203
Argentina_DUP1_farm25_field267_corn_2023,Argentina,corn,Argentina|corn,6.310557842254639,2.444927574316793,5.907993493614896
Argentina_DUP1_farm27_field275_soybean_2021,Argentina,soybean,Argentina|soybean,3.8535122871398926,3.0172268777481066,2.9769520529983646
Argentina_DUP1_farm27_field282_soybean_2021,Argentina,soybean,Argentina|soybean,2.9482030868530273,2.779864929039582,2.6456347378087464
Argentina_DUP1_farm27_field292_soybean_2020,Argentina,soybean,Argentina|soybean,4.491723537445068,4.032450203384887,3.9328145964236487
Argentina_DUP1_farm27_field297_soybean_2020,Argentina,soybean,Argentina|soybean,3.6583564281463623,4.133372772798928,3.6844771708677735
Argentina_DUP1_farm27_field309_soybean_2021,Argentina,soybean,Argentina|soybean,3.608588457107544,3.0651871997250524,2.481678549485225
Argentina_DUP1_farm29_field329_soybean_2023,Argentina,soybean,Argentina|soybean,1.8735607862472534,3.0273089473781427,2.38524143253641
Argentina_DUP1_farm2_field18_corn_2022,Argentina,corn,Argentina|corn,11.46400260925293,8.999867477611572,12.113008923618544
Argentina_DUP1_farm2_field34_soybean_2023,Argentina,soybean,Argentina|soybean,3.9179561138153076,3.380021726457287,4.174796150273259
Argentina_DUP1_farm2_field35_soybean_2023,Argentina,soybean,Argentina|soybean,2.3820455074310303,3.2633608530065477,3.6232279509784346
Argentina_DUP1_farm2_field44_soybean_2023,Argentina,soybean,Argentina|soybean,3.2150309085845947,3.495383391488866,3.746974549252279
Argentina_DUP1_farm2_field46_soybean_2023,Argentina,soybean,Argentina|soybean,3.931553840637207,3.529367375634252,3.8870540969951763
Argentina_DUP1_farm2_field48_corn_2024,Argentina,corn,Argentina|corn,6.928237438201904,10.376012967727839,8.787725439706175
Argentina_DUP1_farm32_field341_corn_2023,Argentina,corn,Argentina|corn,4.540485858917236,8.513272392935894,9.605491115555527
Argentina_DUP1_farm34_field343_soybean_2022,Argentina,soybean,Argentina|soybean,4.658246994018555,3.989850398747521,3.8733243257849557
Argentina_DUP1_farm35_field347_soybean_2022,Argentina,soybean,Argentina|soybean,2.554513692855835,3.2345822721692783,3.3053607094050435
Argentina_DUP1_farm36_field358_corn_2021,Argentina,corn,Argentina|corn,7.103315353393555,7.413129792621959,6.413768967204533
Argentina_DUP1_farm36_field369_soybean_2022,Argentina,soybean,Argentina|soybean,2.8406505584716797,2.8125399158590128,3.1321724737526555
Argentina_DUP1_farm36_field374_soybean_2022,Argentina,soybean,Argentina|soybean,3.977745771408081,3.424508960036177,3.0790635245897238
Argentina_DUP1_farm36_field390_corn_2022,Argentina,corn,Argentina|corn,6.56842041015625,7.160018867755133,7.813196447257088
Argentina_DUP1_farm36_field391_soybean_2022,Argentina,soybean,Argentina|soybean,3.151064157485962,3.214707816067303,2.8053349843155884
Argentina_DUP1_farm37_field408_soybean_2020,Argentina,soybean,Argentina|soybean,5.070003986358643,3.3042890427477163,3.858147008703644
Argentina_DUP1_farm37_field411_soybean_2021,Argentina,soybean,Argentina|soybean,1.6555449962615967,3.1085295083283135,2.900813079914097
Argentina_DUP1_farm37_field412_soybean_2021,Argentina,soybean,Argentina|soybean,4.1647748947143555,2.7710042632561263,2.4099595813135
Argentina_DUP1_farm42_field440_soybean_2021,Argentina,soybean,Argentina|soybean,3.405916452407837,3.491640304172611,3.5797364558263878
Argentina_DUP1_farm44_field449_wheat_2018,Argentina,wheat,Argentina|wheat,3.2202141284942627,4.249761068055049,4.183678324198538
Argentina_DUP1_farm44_field450_corn_2021,Argentina,corn,Argentina|corn,7.9806389808654785,7.466534256204524,6.057562613669408
Argentina_DUP1_farm44_field452_soybean_2020,Argentina,soybean,Argentina|soybean,3.424290418624878,3.727947838853911,3.881714346667505
Argentina_DUP1_farm44_field461_wheat_2021,Argentina,wheat,Argentina|wheat,3.349882125854492,3.71195568665173,2.28587453996985
Argentina_DUP1_farm44_field462_soybean_2020,Argentina,soybean,Argentina|soybean,4.6820969581604,4.037276294073972,4.422433623877836
Argentina_DUP1_farm44_field473_corn_2021,Argentina,corn,Argentina|corn,11.483881950378418,9.208136191471814,6.714072634449185
Argentina_DUP1_farm44_field481_soybean_2019,Argentina,soybean,Argentina|soybean,4.2340006828308105,4.458380099903067,4.529509003600948
Argentina_DUP1_farm44_field484_soybean_2018,Argentina,soybean,Argentina|soybean,4.172374248504639,3.0190184304670926,2.5753020139542437
Argentina_DUP1_farm44_field496_soybean_2021,Argentina,soybean,Argentina|soybean,1.9881240129470825,3.424007072072791,3.4727018420067783
Argentina_DUP1_farm44_field500_soybean_2020,Argentina,soybean,Argentina|soybean,3.447204351425171,3.5612250060884687,4.1498597442729706
Argentina_DUP1_farm44_field503_soybean_2018,Argentina,soybean,Argentina|soybean,3.670666217803955,3.175730596401243,3.684510246313657
Argentina_DUP1_farm44_field505_soybean_2021,Argentina,soybean,Argentina|soybean,3.1494650840759277,3.0195267225179303,2.6481309992723103
Argentina_DUP1_farm44_field506_soybean_2021,Argentina,soybean,Argentina|soybean,2.557133436203003,2.86340584264656,2.250631068021611
Argentina_DUP1_farm44_field508_soybean_2019,Argentina,soybean,Argentina|soybean,3.796565532684326,4.378133922709517,4.458813652921741
Argentina_DUP1_farm44_field510_soybean_2019,Argentina,soybean,Argentina|soybean,3.9510750770568848,4.429724436825233,4.567530033781961
Argentina_DUP1_farm44_field518_soybean_2020,Argentina,soybean,Argentina|soybean,2.855581045150757,3.4720419063475902,2.509631539800041
Argentina_DUP1_farm44_field519_soybean_2020,Argentina,soybean,Argentina|soybean,3.964035749435425,3.785134673991666,3.2477304745014353
Argentina_DUP1_farm44_field536_soybean_2019,Argentina,soybean,Argentina|soybean,4.50089168548584,4.236446560328934,4.389256675059326
Argentina_DUP1_farm44_field547_soybean_2018,Argentina,soybean,Argentina|soybean,2.847217559814453,2.8450026423463846,2.3392523108877077
Argentina_DUP1_farm44_field557_corn_2018,Argentina,corn,Argentina|corn,4.47698974609375,7.311188844288837,6.224543479300944
Argentina_DUP1_farm45_field589_corn_2020,Argentina,corn,Argentina|corn,12.453889846801758,13.137786862642063,11.43969040738908
Argentina_DUP1_farm45_field592_corn_2020,Argentina,corn,Argentina|corn,12.958222389221191,10.301408803734462,10.993390619569388
Argentina_DUP1_farm45_field596_corn_2020,Argentina,corn,Argentina|corn,12.130420684814453,9.867336230140957,9.81004881882813
Argentina_DUP1_farm45_field601_wheat_2019,Argentina,wheat,Argentina|wheat,6.201404571533203,4.744536302896338,5.460522070878033
Argentina_DUP1_farm45_field603_wheat_2021,Argentina,wheat,Argentina|wheat,7.786730766296387,5.371257509653191,5.456701151431433
Argentina_DUP1_farm45_field607_wheat_2020,Argentina,wheat,Argentina|wheat,6.705805778503418,5.205892969450231,5.8496148773963705
Argentina_DUP1_farm45_field618_wheat_2021,Argentina,wheat,Argentina|wheat,6.5878376960754395,4.9659856840991,5.666702584059691
Argentina_DUP1_farm45_field638_corn_2018,Argentina,corn,Argentina|corn,10.892257690429688,7.276731392429209,10.285599271678008
Argentina_DUP1_farm45_field647_corn_2023,Argentina,corn,Argentina|corn,2.9263737201690674,6.985911906438201,5.55663829159869
Argentina_DUP1_farm51_field668_soybean_2022,Argentina,soybean,Argentina|soybean,1.4079108238220215,3.995459676015848,3.266702676120773
Argentina_DUP1_farm51_field676_wheat_2021,Argentina,wheat,Argentina|wheat,5.653107166290283,3.95060316762596,5.234838655723021
Argentina_DUP1_farm51_field680_corn_2022,Argentina,corn,Argentina|corn,9.317485809326172,7.219865930515589,10.196380767204703
Argentina_DUP1_farm51_field685_wheat_2022,Argentina,wheat,Argentina|wheat,1.9370661973953247,3.7207721737713735,3.1094192813104913
Argentina_DUP1_farm52_field686_soybean_2020,Argentina,soybean,Argentina|soybean,2.813114643096924,3.6491965903750234,3.5804699922189585
Argentina_DUP1_farm52_field697_soybean_2022,Argentina,soybean,Argentina|soybean,4.865903377532959,3.7670440338787494,4.380035751593345
Argentina_DUP1_farm52_field706_soybean_2022,Argentina,soybean,Argentina|soybean,5.757415771484375,4.244529555192282,4.346656907439807
Argentina_DUP1_farm52_field714_soybean_2021,Argentina,soybean,Argentina|soybean,2.7373156547546387,3.3994926695230556,2.996830303429611
Argentina_DUP1_farm52_field717_soybean_2021,Argentina,soybean,Argentina|soybean,4.156802654266357,3.583687120717115,3.870352533064742
Argentina_DUP1_farm52_field727_soybean_2021,Argentina,soybean,Argentina|soybean,3.8810455799102783,3.600077831908462,3.7378282167470753
Argentina_DUP1_farm54_field733_wheat_2020,Argentina,wheat,Argentina|wheat,2.2495839595794678,4.102046329524807,2.028582149082822
Argentina_DUP1_farm54_field735_soybean_2021,Argentina,soybean,Argentina|soybean,0.7536706924438477,2.9986639454401125,1.8385858624014193
Argentina_DUP1_farm54_field739_soybean_2018,Argentina,soybean,Argentina|soybean,3.4476916790008545,2.8700548401706496,3.3710543474767185
Argentina_DUP1_farm54_field743_soybean_2020,Argentina,soybean,Argentina|soybean,4.636996269226074,3.912225455267453,4.293859389419814
Argentina_DUP1_farm55_field747_corn_2023,Argentina,corn,Argentina|corn,6.004730701446533,6.813214820643831,6.655197484723821
Argentina_DUP1_farm56_field750_soybean_2023,Argentina,soybean,Argentina|soybean,1.5359516143798828,3.068428149207457,2.344487967030909
Argentina_DUP1_farm5_field64_soybean_2024,Argentina,soybean,Argentina|soybean,2.95475435256958,4.0316779370703735,3.7439451937806956
Argentina_DUP1_farm5_field65_corn_2024,Argentina,corn,Argentina|corn,11.944779396057129,8.818163470707605,10.934323493723717
Argentina_DUP1_farm6_field78_soybean_2023,Argentina,soybean,Argentina|soybean,1.835261583328247,2.857356608272107,2.2514422030749905
Argentina_DUP1_farm7_field86_soybean_2024,Argentina,soybean,Argentina|soybean,2.7664196491241455,3.9681395428054764,3.9565049817094082
Argentina_DUP1_farm9_field94_corn_2024,Argentina,corn,Argentina|corn,9.31701374053955,9.027391058697033,10.473640876683223
Brazil_DUP2_farm2_field15_wheat_2017,Brazil,wheat,Brazil|wheat,3.5504167079925537,3.6956647074972655,3.7217304991297153
Brazil_DUP2_farm2_field18_soybean_2019,Brazil,soybean,Brazil|soybean,3.74405837059021,4.110004850685026,3.7731208901452664
Brazil_DUP2_farm2_field25_corn_2019,Brazil,corn,Brazil|corn,7.2953948974609375,6.742193997492009,6.263194364429964
Brazil_DUP2_farm2_field36_soybean_2022,Brazil,soybean,Brazil|soybean,4.307104110717773,4.117362666129,3.922449977873151
Brazil_DUP2_farm2_field38_soybean_2020,Brazil,soybean,Brazil|soybean,4.140893936157227,4.570386748757554,4.264323950219721
Brazil_DUP2_farm2_field41_soybean_2019,Brazil,soybean,Brazil|soybean,3.871553659439087,3.7622695117158207,3.975694853044988
Brazil_DUP2_farm2_field44_wheat_2020,Brazil,wheat,Brazil|wheat,4.408825397491455,3.7223149094464705,4.048474597130196
Brazil_DUP2_farm2_field46_corn_2023,Brazil,corn,Brazil|corn,8.691034317016602,7.505446007545595,8.02597987805192
Brazil_DUP2_farm2_field50_soybean_2024,Brazil,soybean,Brazil|soybean,3.9796488285064697,4.45284350931301,4.3441577311076545
Brazil_DUP2_farm4_field113_soybean_2023,Brazil,soybean,Brazil|soybean,4.134476661682129,4.071635143137957,4.09382573991546
Brazil_DUP2_farm4_field129_corn_2024,Brazil,corn,Brazil|corn,4.312436580657959,7.318275251553724,6.823476313097493
Brazil_DUP2_farm4_field134_corn_2018,Brazil,corn,Brazil|corn,7.684322834014893,6.063201148055442,7.709975693624072
Brazil_DUP2_farm4_field67_soybean_2020,Brazil,soybean,Brazil|soybean,4.458172798156738,4.356429588595454,4.247137168764268
Brazil_DUP2_farm4_field83_wheat_2020,Brazil,wheat,Brazil|wheat,3.2220044136047363,3.3552245670258296,3.6063155157779887
Brazil_DUP2_farm4_field88_soybean_2019,Brazil,soybean,Brazil|soybean,2.7837440967559814,3.9820271599554267,3.9022071990015283
Brazil_DUP2_farm4_field95_soybean_2019,Brazil,soybean,Brazil|soybean,2.6613800525665283,4.059285563767228,4.041621502023685
Brazil_DUP2_farm5_field146_corn_2023,Brazil,corn,Brazil|corn,7.280275821685791,8.141900766036041,6.976699167894989
Brazil_DUP2_farm5_field153_soybean_2018,Brazil,soybean,Brazil|soybean,4.145542144775391,4.463038079662252,4.291327707275451
Brazil_DUP2_farm5_field156_corn_2023,Brazil,corn,Brazil|corn,5.96615743637085,7.938601660646424,7.493702251864626
Brazil_DUP2_farm5_field164_wheat_2018,Brazil,wheat,Brazil|wheat,5.133892059326172,3.1988582711016953,3.2989295394073475
Brazil_DUP2_farm5_field167_wheat_2019,Brazil,wheat,Brazil|wheat,3.5153419971466064,3.7513688859882333,3.6988648337375034
Brazil_DUP2_farm5_field177_soybean_2019,Brazil,soybean,Brazil|soybean,3.472752332687378,3.2257189885640307,3.526746011423198
Brazil_DUP2_farm5_field178_wheat_2021,Brazil,wheat,Brazil|wheat,4.578473091125488,4.044716010189749,4.212622390796156
Brazil_DUP2_farm5_field184_soybean_2019,Brazil,soybean,Brazil|soybean,2.2968311309814453,3.133193094719672,3.4192090234440022
Brazil_DUP2_farm5_field185_soybean_2021,Brazil,soybean,Brazil|soybean,3.7659876346588135,4.168904527623633,4.101265855740538
Brazil_DUP2_farm5_field191_soybean_2024,Brazil,soybean,Brazil|soybean,3.446136713027954,3.996737367950045,4.121957334469798
Brazil_DUP2_farm5_field195_corn_2019,Brazil,corn,Brazil|corn,7.561824798583984,6.240335707698991,6.911225966341196
Brazil_DUP2_farm5_field218_soybean_2018,Brazil,soybean,Brazil|soybean,4.720359802246094,4.587945739597314,4.140367235207696
Brazil_DUP2_farm5_field234_soybean_2022,Brazil,soybean,Brazil|soybean,3.153770923614502,3.8127495556852553,3.396413131381832
Brazil_DUP2_farm5_field238_soybean_2021,Brazil,soybean,Brazil|soybean,4.45763635635376,4.498127014148442,4.256587742542471
Brazil_DUP2_farm5_field255_soybean_2019,Brazil,soybean,Brazil|soybean,2.6488635540008545,3.7403038289700103,3.4960501084058837
Brazil_DUP2_farm5_field273_corn_2020,Brazil,corn,Brazil|corn,9.866704940795898,6.104828044984472,6.813814716670443
Brazil_DUP2_farm5_field277_wheat_2018,Brazil,wheat,Brazil|wheat,4.971075057983398,3.506368971979318,2.9922691156412973
Brazil_DUP2_farm5_field281_soybean_2024,Brazil,soybean,Brazil|soybean,3.672234058380127,4.173819357769603,3.863514048235892
Brazil_DUP2_farm6_field293_wheat_2021,Brazil,wheat,Brazil|wheat,5.280581951141357,3.8198897137420023,4.1783984778906875
Brazil_DUP2_farm6_field301_wheat_2021,Brazil,wheat,Brazil|wheat,4.109171390533447,3.689567008680942,4.041752853882982
Brazil_DUP2_farm6_field302_soybean_2018,Brazil,soybean,Brazil|soybean,4.501225471496582,4.363046100150717,3.9058702227124336
Brazil_DUP2_farm6_field305_soybean_2023,Brazil,soybean,Brazil|soybean,3.9402313232421875,4.297592547013009,4.374305002446285
Brazil_DUP2_farm6_field317_soybean_2018,Brazil,soybean,Brazil|soybean,4.2405924797058105,4.630991878737145,4.1014933451774525
Brazil_DUP2_farm6_field318_soybean_2019,Brazil,soybean,Brazil|soybean,3.2935357093811035,4.377677422873524,3.7652678650894122
Brazil_DUP2_farm6_field319_corn_2024,Brazil,corn,Brazil|corn,5.417327880859375,7.8146348671039165,6.293541800475781
Brazil_DUP2_farm6_field325_wheat_2018,Brazil,wheat,Brazil|wheat,2.8940229415893555,3.898749691349618,3.215323738257202
Brazil_DUP2_farm6_field331_wheat_2019,Brazil,wheat,Brazil|wheat,4.073089122772217,3.5296902247631756,3.634544612216325
Brazil_DUP2_farm6_field332_soybean_2020,Brazil,soybean,Brazil|soybean,4.528463840484619,3.6821704124880283,4.247898475435983
Brazil_DUP2_farm6_field334_soybean_2020,Brazil,soybean,Brazil|soybean,3.682724714279175,3.9668175016088156,4.269305600168953
Brazil_DUP2_farm6_field336_soybean_2018,Brazil,soybean,Brazil|soybean,4.660524845123291,4.706937304375988,3.8330513671603788
Brazil_DUP2_farm6_field343_soybean_2017,Brazil,soybean,Brazil|soybean,5.014899730682373,3.954575648295523,4.197200084952727
Brazil_DUP2_farm6_field347_corn_2019,Brazil,corn,Brazil|corn,6.527939319610596,6.216533713994037,6.47101343126406
Brazil_DUP2_farm6_field354_soybean_2022,Brazil,soybean,Brazil|soybean,4.1620683670043945,3.8791855156749206,4.022675845460443
Brazil_DUP2_farm6_field358_corn_2024,Brazil,corn,Brazil|corn,7.944735050201416,6.655154643065241,6.3904431650388585
Brazil_DUP2_farm6_field361_soybean_2021,Brazil,soybean,Brazil|soybean,4.1926679611206055,4.366597438529125,4.212348853026497
Brazil_DUP2_farm6_field371_soybean_2023,Brazil,soybean,Brazil|soybean,3.2868411540985107,4.473034629965486,4.353031686198871
Brazil_DUP2_farm6_field372_corn_2020,Brazil,corn,Brazil|corn,10.143900871276855,6.625365488841129,7.419009586343194
Brazil_DUP2_farm6_field373_corn_2019,Brazil,corn,Brazil|corn,7.1012959480285645,6.145289458794508,6.293702425840481
Brazil_DUP2_farm6_field377_soybean_2021,Brazil,soybean,Brazil|soybean,4.079043388366699,4.573280734889991,4.26066398509571
Brazil_DUP2_farm6_field382_wheat_2019,Brazil,wheat,Brazil|wheat,3.7733302116394043,3.99306760028675,3.9362375241816165
Brazil_DUP2_farm6_field385_soybean_2023,Brazil,soybean,Brazil|soybean,4.831797122955322,4.192769332475845,3.9624314880018945
Brazil_DUP2_farm6_field390_wheat_2022,Brazil,wheat,Brazil|wheat,3.507200241088867,3.831880286901602,3.876764498767247
Brazil_DUP2_farm6_field392_soybean_2019,Brazil,soybean,Brazil|soybean,3.5063679218292236,3.9557519845680713,3.6750731398602032
Brazil_DUP2_farm6_field398_soybean_2019,Brazil,soybean,Brazil|soybean,4.125811576843262,4.261649741381783,3.728324413670881
Brazil_DUP2_farm6_field402_corn_2020,Brazil,corn,Brazil|corn,5.578191757202148,5.776142380709896,6.766650935756341
Brazil_DUP2_farm6_field405_wheat_2018,Brazil,wheat,Brazil|wheat,5.12394380569458,3.43914488560481,3.49317826145004
Brazil_DUP2_farm6_field408_corn_2019,Brazil,corn,Brazil|corn,6.854948043823242,5.74889340739886,6.163282416100048
Brazil_DUP2_farm6_field413_soybean_2018,Brazil,soybean,Brazil|soybean,4.2945685386657715,3.9839095231635446,3.807711143617272
Brazil_DUP2_farm6_field416_corn_2023,Brazil,corn,Brazil|corn,2.661848783493042,6.366380395861719,4.7017296063820435
Brazil_DUP2_farm6_field419_soybean_2021,Brazil,soybean,Brazil|soybean,4.081830978393555,4.296279249846326,4.101263444523261
Brazil_DUP2_farm6_field424_soybean_2021,Brazil,soybean,Brazil|soybean,4.107974052429199,4.439820534188366,4.072903138504576
Brazil_DUP2_farm6_field442_corn_2020,Brazil,corn,Brazil|corn,5.412701606750488,6.42606138568388,6.184251427396357
Brazil_DUP2_farm6_field446_corn_2017,Brazil,corn,Brazil|corn,7.504764556884766,6.870869063570524,6.699193372629141
Brazil_DUP2_farm6_field457_soybean_2018,Brazil,soybean,Brazil|soybean,4.795234680175781,4.334456362586259,3.9584953306048636
Brazil_DUP2_farm6_field458_corn_2024,Brazil,corn,Brazil|corn,6.387229919433594,8.36190777078607,7.015691236556615
Brazil_DUP2_farm6_field460_wheat_2022,Brazil,wheat,Brazil|wheat,3.684356212615967,3.5004241441591804,3.72995055925347
Brazil_DUP2_farm6_field472_soybean_2021,Brazil,soybean,Brazil|soybean,3.885075092315674,4.507645111392537,4.098767079378212
Brazil_DUP2_farm7_field479_soybean_2018,Brazil,soybean,Brazil|soybean,2.7960479259490967,4.507687143506917,3.9644547713792075
Brazil_DUP2_farm7_field482_soybean_2019,Brazil,soybean,Brazil|soybean,2.4720380306243896,4.023293886420866,3.8211614202190014
Brazil_DUP2_farm7_field484_soybean_2017,Brazil,soybean,Brazil|soybean,3.841712236404419,3.9484511564148894,3.6636407049781217
Brazil_DUP2_farm7_field486_soybean_2019,Brazil,soybean,Brazil|soybean,2.5930209159851074,3.900195380633986,3.924937866229062
Brazil_DUP2_farm7_field487_soybean_2019,Brazil,soybean,Brazil|soybean,2.331937789916992,4.198660827586719,3.8394599323354788
Brazil_DUP2_farm9_field502_soybean_2022,Brazil,soybean,Brazil|soybean,4.081422328948975,4.816220951879731,4.234885886371745
Brazil_DUP2_farm9_field510_wheat_2020,Brazil,wheat,Brazil|wheat,3.1211400032043457,3.5656965879293296,3.7438602543709343
Brazil_DUP2_farm9_field514_soybean_2018,Brazil,soybean,Brazil|soybean,4.365799427032471,4.1338069064222855,4.1328067449894235
Brazil_DUP2_farm9_field519_corn_2023,Brazil,corn,Brazil|corn,7.775006294250488,6.81483959068935,6.824623472048468
Brazil_DUP2_farm9_field528_wheat_2023,Brazil,wheat,Brazil|wheat,2.8958580493927,3.6180655720643116,3.0140603566128314
Brazil_DUP2_farm9_field545_soybean_2019,Brazil,soybean,Brazil|soybean,3.7210769653320312,4.04855348899101,3.645197200831369
Germany_DUP3_farm1_field10_wheat_2016,Germany,wheat,Germany|wheat,9.957723617553711,10.570214461010718,9.739771921800534
Germany_DUP3_farm1_field22_rapeseed_2016,Germany,rapeseed,Germany|rapeseed,5.980362415313721,4.596050305072269,4.4653463612348
Germany_DUP3_farm1_field24_rapeseed_2017,Germany,rapeseed,Germany|rapeseed,6.159890174865723,4.8354674904491795,4.244769433617244
Germany_DUP3_farm1_field2_wheat_2016,Germany,wheat,Germany|wheat,11.239669799804688,10.825123776279415,9.925534900540281
Germany_DUP3_farm1_field30_wheat_2017,Germany,wheat,Germany|wheat,11.840201377868652,10.824110545451408,9.800799892894759
Germany_DUP3_farm1_field33_wheat_2016,Germany,wheat,Germany|wheat,8.857559204101562,10.166722813147592,9.544187929432159
Germany_DUP3_farm1_field34_wheat_2017,Germany,wheat,Germany|wheat,14.349177360534668,10.51962903184717,9.875940902551472
Germany_DUP3_farm1_field36_wheat_2017,Germany,wheat,Germany|wheat,13.383131980895996,11.126132216028637,10.845157710934068
Germany_DUP3_farm1_field39_wheat_2019,Germany,wheat,Germany|wheat,8.287920951843262,9.660390947873362,9.336583435359419
Germany_DUP3_farm1_field42_wheat_2019,Germany,wheat,Germany|wheat,10.541364669799805,10.285381470587312,10.259929709146476
Germany_DUP3_farm1_field43_wheat_2016,Germany,wheat,Germany|wheat,12.243258476257324,9.937706529073811,9.781405365322579
Germany_DUP3_farm1_field46_wheat_2019,Germany,wheat,Germany|wheat,9.841507911682129,9.349036260765166,9.283827474948687
Germany_DUP3_farm1_field4_rapeseed_2016,Germany,rapeseed,Germany|rapeseed,4.564465522766113,5.147833093431716,4.240460882932418
Germany_DUP3_farm1_field61_wheat_2019,Germany,wheat,Germany|wheat,8.98876953125,9.373653345995239,9.511503400145703
Germany_DUP3_farm1_field62_wheat_2019,Germany,wheat,Germany|wheat,8.745471000671387,10.340702914398596,9.657089906062074
Germany_DUP3_farm1_field8_rapeseed_2016,Germany,rapeseed,Germany|rapeseed,4.611868858337402,5.060293210564928,4.469872396155249
Germany_DUP3_farm2_field129_wheat_2021,Germany,wheat,Germany|wheat,9.400776863098145,10.6392063128177,9.646470676675774
Germany_DUP3_farm2_field143_wheat_2016,Germany,wheat,Germany|wheat,13.214431762695312,9.975042139640069,10.538595849489326
Germany_DUP3_farm2_field146_rapeseed_2021,Germany,rapeseed,Germany|rapeseed,5.823606967926025,5.476305512622363,4.586478390066836
Germany_DUP3_farm2_field158_wheat_2018,Germany,wheat,Germany|wheat,7.912439823150635,9.535882847835182,9.344100744645088
Germany_DUP3_farm2_field165_wheat_2019,Germany,wheat,Germany|wheat,9.81688117980957,8.993965000706636,8.807892381277519
Germany_DUP3_farm2_field166_wheat_2020,Germany,wheat,Germany|wheat,10.155292510986328,9.530008880626795,8.970739415593702
Germany_DUP3_farm2_field173_rapeseed_2020,Germany,rapeseed,Germany|rapeseed,6.68973970413208,4.749123079328621,4.816501512212453
Germany_DUP3_farm2_field175_wheat_2021,Germany,wheat,Germany|wheat,8.070727348327637,7.938292486378101,8.734106151447909
Germany_DUP3_farm2_field181_wheat_2017,Germany,wheat,Germany|wheat,8.252382278442383,9.980704719501592,9.311111313362227
Germany_DUP3_farm2_field187_wheat_2017,Germany,wheat,Germany|wheat,10.516670227050781,9.99087886819198,10.400194807769978
Germany_DUP3_farm2_field188_wheat_2017,Germany,wheat,Germany|wheat,10.036564826965332,10.316554921462963,10.377529990754963
Germany_DUP3_farm2_field199_rapeseed_2022,Germany,rapeseed,Germany|rapeseed,4.540452480316162,4.453406014974892,4.419065650737443
Germany_DUP3_farm2_field204_wheat_2022,Germany,wheat,Germany|wheat,9.003789901733398,9.193131216767924,8.99005406829023
Germany_DUP3_farm2_field212_wheat_2022,Germany,wheat,Germany|wheat,7.30798864364624,9.437586025947217,9.024095852517233
Germany_DUP3_farm2_field77_wheat_2021,Germany,wheat,Germany|wheat,8.754390716552734,10.651226343151201,9.509752605498758
Germany_DUP3_farm3_field227_wheat_2019,Germany,wheat,Germany|wheat,4.91508674621582,9.245841552476458,8.754172066034009
Germany_DUP3_farm3_field230_rapeseed_2020,Germany,rapeseed,Germany|rapeseed,3.5180726051330566,4.091916287252497,3.974622824229771
Germany_DUP3_farm3_field236_rapeseed_2017,Germany,rapeseed,Germany|rapeseed,2.8401525020599365,4.681262590991324,4.460271270209014
Germany_DUP3_farm3_field240_rapeseed_2018,Germany,rapeseed,Germany|rapeseed,3.135594606399536,4.5473200135913485,4.109735355636348
Germany_DUP3_farm4_field244_wheat_2019,Germany,wheat,Germany|wheat,7.964092254638672,10.787692225918816,10.996333136269863
Germany_DUP3_farm4_field252_wheat_2020,Germany,wheat,Germany|wheat,8.948681831359863,9.293020745841714,9.690945074064114
Germany_DUP3_farm4_field254_rapeseed_2016,Germany,rapeseed,Germany|rapeseed,4.692387580871582,4.077639924612379,4.843027072242714
Germany_DUP3_farm4_field256_rapeseed_2017,Germany,rapeseed,Germany|rapeseed,2.44274640083313,5.01002903519747,4.919588062547149
Germany_DUP3_farm4_field259_rapeseed_2017,Germany,rapeseed,Germany|rapeseed,4.868704795837402,4.626811705630093,4.668793955256386
Germany_DUP3_farm5_field268_wheat_2017,Germany,wheat,Germany|wheat,10.005956649780273,9.81031841301557,9.137608086188983
Germany_DUP3_farm5_field271_rapeseed_2017,Germany,rapeseed,Germany|rapeseed,1.0973284244537354,5.173961287524321,4.652357668778844
Germany_DUP3_farm6_field284_rapeseed_2020,Germany,rapeseed,Germany|rapeseed,3.4589855670928955,4.105838728084375,4.466815697323687
Uruguay_DUP4_farm10_field309_soybean_2019,Uruguay,soybean,Uruguay|soybean,3.8736040592193604,3.3462461787565387,3.476518501093985
Uruguay_DUP4_farm10_field319_soybean_2019,Uruguay,soybean,Uruguay|soybean,4.398415565490723,3.594477434356162,3.606842715710103
Uruguay_DUP4_farm10_field329_soybean_2020,Uruguay,soybean,Uruguay|soybean,2.9296987056732178,2.015244614879443,2.029053993483464
Uruguay_DUP4_farm10_field333_soybean_2021,Uruguay,soybean,Uruguay|soybean,2.409923791885376,0.77208805170191,1.7471584329125434
Uruguay_DUP4_farm10_field350_soybean_2021,Uruguay,soybean,Uruguay|soybean,1.7333228588104248,2.100517639652,1.7684122778147815
Uruguay_DUP4_farm10_field358_soybean_2021,Uruguay,soybean,Uruguay|soybean,2.3653085231781006,2.6938481809662136,2.012374842138211
Uruguay_DUP4_farm10_field369_soybean_2018,Uruguay,soybean,Uruguay|soybean,1.1631176471710205,1.775106511494105,1.283705832617872
Uruguay_DUP4_farm10_field372_soybean_2018,Uruguay,soybean,Uruguay|soybean,0.8646675944328308,2.0016836705595615,1.3413955815279281
Uruguay_DUP4_farm10_field390_soybean_2018,Uruguay,soybean,Uruguay|soybean,3.5092477798461914,2.2333316457987773,1.7872751859772291
Uruguay_DUP4_farm10_field394_soybean_2018,Uruguay,soybean,Uruguay|soybean,1.339213252067566,2.083711352224001,1.2763993997809213
Uruguay_DUP4_farm10_field399_soybean_2018,Uruguay,soybean,Uruguay|soybean,1.3458727598190308,1.8855230642147465,1.319126723654875
Uruguay_DUP4_farm10_field408_soybean_2018,Uruguay,soybean,Uruguay|soybean,1.6810129880905151,1.9033403429619629,1.6277847215377355
Uruguay_DUP4_farm10_field409_soybean_2018,Uruguay,soybean,Uruguay|soybean,1.8256875276565552,1.9095182484685047,1.6286109114795346
Uruguay_DUP4_farm10_field418_soybean_2018,Uruguay,soybean,Uruguay|soybean,1.3720719814300537,2.2049545802359733,1.3251712660052308
Uruguay_DUP4_farm10_field419_soybean_2018,Uruguay,soybean,Uruguay|soybean,1.1247838735580444,1.7094058271987838,1.307083693351484
Uruguay_DUP4_farm10_field421_soybean_2018,Uruguay,soybean,Uruguay|soybean,1.3511348962783813,1.682948613783455,1.5844005062811488
Uruguay_DUP4_farm10_field425_soybean_2018,Uruguay,soybean,Uruguay|soybean,0.7332263588905334,1.586007026363471,1.3953927407530669
Uruguay_DUP4_farm10_field430_soybean_2018,Uruguay,soybean,Uruguay|soybean,1.473268985748291,1.2120240442828711,1.0746634961402877
Uruguay_DUP4_farm10_field437_soybean_2018,Uruguay,soybean,Uruguay|soybean,3.446382761001587,2.3568919167565285,1.3221085837180375
Uruguay_DUP4_farm10_field454_soybean_2018,Uruguay,soybean,Uruguay|soybean,1.909615159034729,2.7247034595949993,2.3349283922403616
Uruguay_DUP4_farm10_field458_soybean_2018,Uruguay,soybean,Uruguay|soybean,1.497491717338562,1.5670368957802183,1.4917348426236983
Uruguay_DUP4_farm10_field461_soybean_2018,Uruguay,soybean,Uruguay|soybean,1.1287587881088257,2.1841097600040262,1.4364573711530364
Uruguay_DUP4_farm10_field467_soybean_2018,Uruguay,soybean,Uruguay|soybean,2.1153945922851562,1.980140201876988,1.6038831379816312
Uruguay_DUP4_farm10_field486_soybean_2022,Uruguay,soybean,Uruguay|soybean,3.1260085105895996,3.1832221096009077,3.3557286494342313
Uruguay_DUP4_farm10_field492_soybean_2022,Uruguay,soybean,Uruguay|soybean,3.2779622077941895,3.1683566582605724,3.646549519773284
Uruguay_DUP4_farm10_field494_soybean_2022,Uruguay,soybean,Uruguay|soybean,3.261688470840454,3.094013509548554,3.372238307624274
Uruguay_DUP4_farm10_field499_soybean_2022,Uruguay,soybean,Uruguay|soybean,2.7335948944091797,3.2294985410092516,3.6205395529347553
Uruguay_DUP4_farm10_field501_soybean_2022,Uruguay,soybean,Uruguay|soybean,3.887279510498047,2.809621962806207,2.7580077618830128
Uruguay_DUP4_farm10_field507_soybean_2022,Uruguay,soybean,Uruguay|soybean,2.9458301067352295,3.1468712440647626,2.823893798911214
Uruguay_DUP4_farm10_field509_soybean_2022,Uruguay,soybean,Uruguay|soybean,2.86220121383667,3.2459795935806763,3.168597957356395
Uruguay_DUP4_farm10_field519_soybean_2022,Uruguay,soybean,Uruguay|soybean,3.1937015056610107,3.123016493290159,3.326533923722935
Uruguay_DUP4_farm10_field545_soybean_2022,Uruguay,soybean,Uruguay|soybean,2.3786394596099854,3.046466430831589,2.800994190390908
Uruguay_DUP4_farm10_field549_soybean_2022,Uruguay,soybean,Uruguay|soybean,3.952338933944702,2.6826513191319106,2.4698033123968317
Uruguay_DUP4_farm10_field550_soybean_2022,Uruguay,soybean,Uruguay|soybean,2.455794334411621,3.3759757192648934,2.502550417288526
Uruguay_DUP4_farm10_field554_soybean_2022,Uruguay,soybean,Uruguay|soybean,3.0977115631103516,2.8950279615428594,3.432885592091865
Uruguay_DUP4_farm10_field566_soybean_2019,Uruguay,soybean,Uruguay|soybean,3.392350435256958,3.287607125473535,3.736298772504046
Uruguay_DUP4_farm10_field572_soybean_2019,Uruguay,soybean,Uruguay|soybean,3.1449480056762695,3.0197903617309634,2.632477242456211
Uruguay_DUP4_farm1_field3_soybean_2019,Uruguay,soybean,Uruguay|soybean,2.351896286010742,3.8866777960583483,3.5130555950452123
Uruguay_DUP4_farm2_field11_soybean_2021,Uruguay,soybean,Uruguay|soybean,2.6270647048950195,1.8960287533298192,1.9587414802192338
Uruguay_DUP4_farm2_field12_soybean_2021,Uruguay,soybean,Uruguay|soybean,2.5545618534088135,1.929015799199105,1.9048114241969523
Uruguay_DUP4_farm2_field20_soybean_2021,Uruguay,soybean,Uruguay|soybean,2.225886821746826,1.7065459139904995,1.6354623787632327
Uruguay_DUP4_farm2_field26_soybean_2019,Uruguay,soybean,Uruguay|soybean,2.9249823093414307,2.4265082079395683,3.1174711546606235
Uruguay_DUP4_farm2_field27_soybean_2021,Uruguay,soybean,Uruguay|soybean,1.9300817251205444,1.3867707737864445,1.9686044834629597
Uruguay_DUP4_farm2_field31_soybean_2018,Uruguay,soybean,Uruguay|soybean,2.0568480491638184,0.9074442605808055,1.3592853148692396
Uruguay_DUP4_farm2_field32_soybean_2018,Uruguay,soybean,Uruguay|soybean,0.8470730185508728,2.2563131630376985,1.8228760783558737
Uruguay_DUP4_farm2_field33_soybean_2018,Uruguay,soybean,Uruguay|soybean,1.3993847370147705,1.087600111482402,1.308368546171391
Uruguay_DUP4_farm2_field39_soybean_2018,Uruguay,soybean,Uruguay|soybean,4.97405481338501,1.7074870453295556,2.048622798799215
Uruguay_DUP4_farm2_field8_soybean_2019,Uruguay,soybean,Uruguay|soybean,3.0108213424682617,2.4267870965047535,3.35726537440174
Uruguay_DUP4_farm2_field9_soybean_2020,Uruguay,soybean,Uruguay|soybean,1.4275484085083008,1.9645281828099406,1.7001879422769675
Uruguay_DUP4_farm3_field63_soybean_2021,Uruguay,soybean,Uruguay|soybean,2.579521656036377,2.56634677657913,2.2438261294249244
Uruguay_DUP4_farm3_field70_soybean_2019,Uruguay,soybean,Uruguay|soybean,3.797386646270752,2.6569573762704914,2.3032479615153507
Uruguay_DUP4_farm3_field73_soybean_2019,Uruguay,soybean,Uruguay|soybean,3.78401780128479,2.787949833705202,2.825843813445667
Uruguay_DUP4_farm4_field106_soybean_2018,Uruguay,soybean,Uruguay|soybean,1.0942317247390747,1.2850874645375014,1.41714403801172
Uruguay_DUP4_farm4_field117_soybean_2018,Uruguay,soybean,Uruguay|soybean,1.3852356672286987,2.079994892090895,1.5075447983012034
Uruguay_DUP4_farm4_field121_soybean_2018,Uruguay,soybean,Uruguay|soybean,0.9711331725120544,1.9735337958793162,1.381356592891251
Uruguay_DUP4_farm4_field123_soybean_2019,Uruguay,soybean,Uruguay|soybean,3.6124894618988037,2.7072696647871655,3.0613037954760935
Uruguay_DUP4_farm4_field129_soybean_2019,Uruguay,soybean,Uruguay|soybean,4.022403717041016,2.5390090160600938,2.6372776025600686
Uruguay_DUP4_farm4_field132_soybean_2018,Uruguay,soybean,Uruguay|soybean,1.5064284801483154,1.4669124305825676,1.3140817563224292
Uruguay_DUP4_farm4_field148_soybean_2022,Uruguay,soybean,Uruguay|soybean,3.7745838165283203,2.710187275722798,3.142185436166072
Uruguay_DUP4_farm4_field152_soybean_2022,Uruguay,soybean,Uruguay|soybean,3.371297836303711,3.03855720431252,3.10473763272416
Uruguay_DUP4_farm4_field166_soybean_2019,Uruguay,soybean,Uruguay|soybean,3.933269739151001,3.2055512922479164,3.5483169173253
Uruguay_DUP4_farm4_field75_soybean_2019,Uruguay,soybean,Uruguay|soybean,4.676286220550537,3.4865370190103544,3.1400600581623834
Uruguay_DUP4_farm4_field76_soybean_2019,Uruguay,soybean,Uruguay|soybean,3.76745867729187,2.77459438280886,2.900000895905974
Uruguay_DUP4_farm4_field80_soybean_2019,Uruguay,soybean,Uruguay|soybean,3.9741175174713135,2.957601746856131,3.470492315637209
Uruguay_DUP4_farm4_field89_soybean_2021,Uruguay,soybean,Uruguay|soybean,1.9347290992736816,2.231567567785339,1.6693774207385363
Uruguay_DUP4_farm4_field91_soybean_2021,Uruguay,soybean,Uruguay|soybean,1.702459454536438,2.3007323049270405,1.7056796372634264
Uruguay_DUP4_farm4_field94_soybean_2021,Uruguay,soybean,Uruguay|soybean,2.57528018951416,2.949168959677941,2.2023309877080264
Uruguay_DUP4_farm4_field98_soybean_2021,Uruguay,soybean,Uruguay|soybean,1.243234634399414,2.4613649954476955,1.8568018879790018
Uruguay_DUP4_farm6_field174_soybean_2019,Uruguay,soybean,Uruguay|soybean,2.2168068885803223,1.7355638167622227,2.636061604307424
Uruguay_DUP4_farm7_field182_soybean_2020,Uruguay,soybean,Uruguay|soybean,3.28501033782959,2.8408050384728254,3.050148382599379
Uruguay_DUP4_farm7_field188_soybean_2018,Uruguay,soybean,Uruguay|soybean,4.035690784454346,1.2283819175577992,1.2816256008966274
Uruguay_DUP4_farm7_field190_soybean_2018,Uruguay,soybean,Uruguay|soybean,1.6221749782562256,1.3066237980317577,1.3203708410360246
Uruguay_DUP4_farm7_field194_soybean_2018,Uruguay,soybean,Uruguay|soybean,1.3293033838272095,1.9005486356674575,1.172837979236159
Uruguay_DUP4_farm7_field197_soybean_2018,Uruguay,soybean,Uruguay|soybean,2.2386724948883057,1.5894118733631548,1.5201792708507529
Uruguay_DUP4_farm7_field207_soybean_2018,Uruguay,soybean,Uruguay|soybean,1.8242532014846802,1.8721004128175247,1.770054603569387
Uruguay_DUP4_farm7_field210_soybean_2018,Uruguay,soybean,Uruguay|soybean,1.7316771745681763,2.413805788430873,2.2597784321093606
Uruguay_DUP4_farm7_field212_soybean_2018,Uruguay,soybean,Uruguay|soybean,1.7255641222000122,2.169611333020933,1.3309850823115434
Uruguay_DUP4_farm7_field225_soybean_2019,Uruguay,soybean,Uruguay|soybean,4.352810859680176,3.375593208305736,3.347475701434312
Uruguay_DUP4_farm7_field226_soybean_2019,Uruguay,soybean,Uruguay|soybean,3.109001398086548,3.4948565837230188,2.824792248851063
Uruguay_DUP4_farm8_field243_soybean_2019,Uruguay,soybean,Uruguay|soybean,3.3115487098693848,3.4857318454414177,3.551910457623303
Uruguay_DUP4_farm8_field245_soybean_2021,Uruguay,soybean,Uruguay|soybean,1.3890055418014526,1.936503271223271,2.475416131259062
Uruguay_DUP4_farm8_field252_soybean_2019,Uruguay,soybean,Uruguay|soybean,2.2136690616607666,3.5784480392052247,2.6398786705958046
Uruguay_DUP4_farm8_field254_soybean_2019,Uruguay,soybean,Uruguay|soybean,2.3891501426696777,3.0061379572699236,2.235654360408452
Uruguay_DUP4_farm8_field257_soybean_2019,Uruguay,soybean,Uruguay|soybean,3.613403081893921,1.9681626207100718,2.5793151435092567
Uruguay_DUP4_farm8_field258_soybean_2019,Uruguay,soybean,Uruguay|soybean,3.1082310676574707,2.92103296618224,3.0000143440599416
Uruguay_DUP4_farm9_field265_soybean_2019,Uruguay,soybean,Uruguay|soybean,2.1042425632476807,1.8507020154865121,2.0675842049931163
Uruguay_DUP4_farm9_field270_soybean_2018,Uruguay,soybean,Uruguay|soybean,3.5044057369232178,1.6023423913625252,2.1173612895206415
Uruguay_DUP4_farm9_field271_soybean_2018,Uruguay,soybean,Uruguay|soybean,1.4167546033859253,2.6303619347978517,2.196981055940363
Uruguay_DUP4_farm9_field277_soybean_2019,Uruguay,soybean,Uruguay|soybean,2.2958898544311523,1.838761731894891,2.451191343942604
Uruguay_DUP4_farm9_field287_soybean_2018,Uruguay,soybean,Uruguay|soybean,2.1983728408813477,1.5469053511349484,1.8196575246366207
Uruguay_DUP4_farm9_field288_soybean_2018,Uruguay,soybean,Uruguay|soybean,2.7589340209960938,1.2354632676360122,2.028001942398747
