field_id,group,target,full,no_weather,no_static,no_indices,s2_only,no_domain,extratrees_only,rank_aligned
Argentina_DUP1_farm14_field114_soybean_2022,Argentina|soybean,4.077847957611084,3.9912571156730166,4.2883576978895634,4.097233067997168,3.9976170396240893,4.332037495603138,4.2993165352396945,3.9669781586946544,4.2011039009915825
Argentina_DUP1_farm14_field117_corn_2023,Argentina|corn,7.169715881347656,5.466352299568344,5.2046736541776655,5.282097483468158,5.804934085236058,5.566130491586652,5.570434758215275,5.46059718705787,5.663019859417696
Argentina_DUP1_farm15_field125_soybean_2018,Argentina|soybean,3.900073528289795,3.717604775096409,3.7010668470673793,3.621787668402265,3.727315014948993,3.519023704349962,3.6256432036908324,3.683255931359283,3.926995110462452
Argentina_DUP1_farm15_field135_soybean_2019,Argentina|soybean,3.92604660987854,4.076957803695914,3.897611464827633,4.036297189207697,4.13497031637052,3.8535956715318065,6.723094573256917,4.089976803579126,4.287319827839944
Argentina_DUP1_farm15_field144_soybean_2020,Argentina|soybean,3.5069212913513184,2.7131239980733013,2.6532403956462307,2.715464379956467,2.9342570476232086,2.734202195141462,3.797852411730183,2.754435786713582,2.6452522033525097
Argentina_DUP1_farm15_field150_soybean_2021,Argentina|soybean,5.143073081970215,4.268148281091605,4.555746338086282,4.3505010883555535,4.292969712156,4.34990021637572,3.973703567987947,4.271688941129639,4.353560616157042
Argentina_DUP1_farm15_field154_soybean_2022,Argentina|soybean,5.319962501525879,4.556350956264333,4.457390166854253,4.827842930551412,4.607291852913997,4.750578501798267,4.490876515668912,4.527911013095637,4.447156738453172
Argentina_DUP1_farm16_field157_soybean_2023,Argentina|soybean,1.2494542598724365,2.275728743401671,2.4024072703359547,2.2870837299579057,2.1480684461590793,2.207815931745626,3.1875334773160606,2.2614102112845664,2.3269062048300695
Argentina_DUP1_farm17_field168_soybean_2018,Argentina|soybean,1.223634123802185,3.1245767558832913,2.903686507381576,3.1025358172917366,3.3230082824500524,3.025572497281644,3.204508810717101,3.1811205105580562,3.134714564310997
Argentina_DUP1_farm17_field169_soybean_2019,Argentina|soybean,4.524634838104248,4.187593617888048,4.103796463868255,3.883036015130365,4.264844317202069,3.9133128953808565,4.738623512298118,4.144496127512727,3.8995823332841533
Argentina_DUP1_farm17_field182_soybean_2019,Argentina|soybean,4.038310527801514,4.1597055300258425,4.117560530593698,4.130248222755308,4.087303294999282,3.9166232337492257,4.89611728643454,4.110409943499381,4.036065806634174
Argentina_DUP1_farm17_field183_soybean_2021,Argentina|soybean,2.280846118927002,3.639732015358441,3.8768745218708114,3.6597635430254796,3.641906066809465,3.711952655707696,3.990044408820718,3.6640049950273488,3.7627670209933495
Argentina_DUP1_farm17_field189_soybean_2021,Argentina|soybean,1.8797327280044556,3.7517621928510616,3.8639141199288707,3.8109125558628665,3.8785627583104727,3.8813141491321366,4.029184556573337,3.729823791220495,3.6269824884859942
Argentina_DUP1_farm19_field196_soybean_2022,Argentina|soybean,5.2486891746521,4.4789733698523415,4.329841138133797,4.257048479420455,4.610544294889905,4.339946441010831,4.441800205979465,4.532517570077845,4.576806569355617
Argentina_DUP1_farm19_field197_corn_2022,Argentina|corn,12.48502254486084,10.378879649310832,10.363345074839765,9.99632992124312,9.826682785942152,9.520151631830139,11.668914469385253,10.28039318589445,10.085857362611211
Argentina_DUP1_farm19_field198_corn_2022,Argentina|corn,13.68151569366455,11.852264985594779,11.68975428785691,11.731351772894177,11.91659672488411,11.86124053618533,10.608819088598649,11.87699414264881,11.813299539992446
Argentina_DUP1_farm23_field218_soybean_2019,Argentina|soybean,2.855816602706909,3.9425533425199495,4.074616211111368,3.7358869014227207,3.8452504592044576,3.705184521317502,6.529901023552112,3.86419517294815,4.019227232608472
Argentina_DUP1_farm23_field231_soybean_2021,Argentina|soybean,4.768322944641113,2.787724822992848,2.5493132253145605,2.711298422579677,2.8198283967740636,2.629203715740503,3.144736448541023,2.7376299324907376,2.557994574197138
Argentina_DUP1_farm24_field238_corn_2021,Argentina|corn,9.808682441711426,6.714220713699927,5.683855377554851,6.7950477789849435,6.703669117255689,5.3276167318127925,4.116350416491779,6.641429718545589,6.989027142348823
Argentina_DUP1_farm25_field245_corn_2023,Argentina|corn,8.207260131835938,7.242278901548611,7.111858319405196,7.094026597557581,7.5426308478178745,7.442208871408732,5.2155131425720995,7.3628978745091915,7.331088790586368
Argentina_DUP1_farm25_field258_corn_2023,Argentina|corn,8.343838691711426,9.316446137231194,9.505814457463057,10.12657273998349,9.081467798835392,10.147701540964299,6.5852881907521965,9.257461496340454,9.588576458466937
Argentina_DUP1_farm25_field260_corn_2023,Argentina|corn,6.742878437042236,7.3458854701044665,7.5958185446287825,7.27900101786382,7.39039006001093,7.891027055661917,6.133907201735722,7.3564592855105,7.733355968192074
Argentina_DUP1_farm25_field263_soybean_2023,Argentina|soybean,1.6766700744628906,2.641742709209503,2.645422758235194,2.566014563534526,2.5676268989861266,2.6701679818588744,2.5819641396195303,2.6516052894017785,2.2891564434304934
Argentina_DUP1_farm25_field267_corn_2023,Argentina|corn,6.310557842254639,6.074150071054005,6.38451424368474,6.15973535644539,6.209508726198307,6.615785347409078,7.475574910550865,6.128941800278775,6.108787652344661
Argentina_DUP1_farm27_field275_soybean_2021,Argentina|soybean,3.8535122871398926,3.5183547948622054,3.772107729558577,3.565303085480127,3.4299942234179874,3.735039736944245,3.3893918472922477,3.5282786588984227,3.7273920654510024
Argentina_DUP1_farm27_field282_soybean_2021,Argentina|soybean,2.9482030868530273,3.1481842403912443,3.302844297704131,3.1581148377792356,2.9965018048891325,2.968379750099962,4.349146244526377,3.1304059760804566,3.23028438557555
Argentina_DUP1_farm27_field292_soybean_2020,Argentina|soybean,4.491723537445068,3.6476858851013954,3.7771472347442074,3.4516512137226534,3.4855998820095837,3.186830140397913,4.026242124918849,3.5842649064291123,3.635893782930869
Argentina_DUP1_farm27_field297_soybean_2020,Argentina|soybean,3.6583564281463623,3.8860487444542997,3.920727983834476,3.704546687065589,4.0120277703288805,3.795107129367444,4.033826473010844,3.9027375957170314,3.8260200875933226
Argentina_DUP1_farm27_field309_soybean_2021,Argentina|soybean,3.608588457107544,2.9630819462628084,2.9967091042131466,2.945150880672623,2.99154990853303,2.791037521328949,3.203838951792304,2.965903639026366,2.9218089522500303
Argentina_DUP1_farm29_field329_soybean_2023,Argentina|soybean,1.8735607862472534,2.84776429124049,2.8329087009830154,2.9019711609610543,2.979207019006348,3.1250617747968477,2.9750200847606347,2.8334889033242865,2.9497855513272304
Argentina_DUP1_farm2_field18_corn_2022,Argentina|corn,11.46400260925293,11.769310845607901,11.4998053392682,12.020796300152998,11.854479463322983,11.906603841887568,11.404259018411317,11.83278558274732,11.599168889907126
Argentina_DUP1_farm2_field34_soybean_2023,Argentina|soybean,3.9179561138153076,4.530662964176416,4.434505210266078,4.501628834735978,4.524142382938536,4.561837680897099,4.3987457324123564,4.509278879909926,4.370794336853801
Argentina_DUP1_farm2_field35_soybean_2023,Argentina|soybean,2.3820455074310303,3.8419459562658367,4.521811000343766,4.02958250454379,3.7052207092142884,4.458329137240373,3.6340510717481482,3.824752261474994,3.7764326309129492
Argentina_DUP1_farm2_field44_soybean_2023,Argentina|soybean,3.2150309085845947,3.7535546303016125,3.894630470686697,3.7246651077241952,3.6441214690197423,3.704114562114667,3.267668756678808,3.7914268248772247,3.786925684851774
Argentina_DUP1_farm2_field46_soybean_2023,Argentina|soybean,3.931553840637207,4.020057421654678,4.063612076076472,4.266999522465491,4.120584469868479,4.20363056792629,4.401082419426063,4.010171329831103,4.287896522312896
Argentina_DUP1_farm2_field48_corn_2024,Argentina|corn,6.928237438201904,7.657248984736102,7.71417282298574,7.501359284299859,8.06417292326528,7.761976923375678,9.734979804658828,7.507342927677104,7.105367400513615
Argentina_DUP1_farm32_field341_corn_2023,Argentina|corn,4.540485858917236,8.137976242420166,8.346938777644375,8.065915278407953,8.076498808871039,8.505506535617027,8.591482922040274,8.184416514275714,7.76731010122281
Argentina_DUP1_farm34_field343_soybean_2022,Argentina|soybean,4.658246994018555,4.2330838540595135,4.163616355016229,4.418240497489348,4.165133917514389,4.320451675135902,4.745633626077361,4.234785204140371,4.13103378474283
Argentina_DUP1_farm35_field347_soybean_2022,Argentina|soybean,2.554513692855835,3.1471116869472135,3.0826819927361226,3.458943194376536,3.1959876846714517,3.5958979394916417,3.607039627200882,3.151451462490315,2.9136082182343053
Argentina_DUP1_farm36_field358_corn_2021,Argentina|corn,7.103315353393555,6.9435735013364654,6.550063969293708,7.368734011600803,7.344693423261189,6.219786859681193,4.878345511641819,7.022949102203419,6.998245195190482
Argentina_DUP1_farm36_field369_soybean_2022,Argentina|soybean,2.8406505584716797,3.2647911817934077,3.443366581312599,3.5548557747950547,3.2090591418391723,3.452259127869566,3.5994009307991,3.257019587652816,3.3612365785176177
Argentina_DUP1_farm36_field374_soybean_2022,Argentina|soybean,3.977745771408081,3.4513933172618496,3.3927951076285088,3.5987224537227833,3.3939102950809454,3.5244107623223693,3.303701619421328,3.451089200217462,3.427089918608527
Argentina_DUP1_farm36_field390_corn_2022,Argentina|corn,6.56842041015625,7.526203946230266,7.288213768912265,7.506424705966043,7.389664235888492,7.3581181878705415,6.441940530981354,7.557788173056447,7.405591056365703
Argentina_DUP1_farm36_field391_soybean_2022,Argentina|soybean,3.151064157485962,2.9691445260232303,2.912119960729925,3.2791878165439736,2.933345148315331,3.4597934470366902,3.332902990951446,3.0211065527982552,2.9912777576673575
Argentina_DUP1_farm37_field408_soybean_2020,Argentina|soybean,5.070003986358643,4.2499835455171135,4.350842152611339,4.347757922510164,4.352883338010246,4.4055826588651446,3.719876307346539,4.213757744382486,3.960130630712006
Argentina_DUP1_farm37_field411_soybean_2021,Argentina|soybean,1.6555449962615967,3.046563072787385,2.8959719724583444,2.9493483033694465,2.788020563389142,2.6564195950868745,3.6697747702887265,2.9735368069240518,3.0074721132965276
Argentina_DUP1_farm37_field412_soybean_2021,Argentina|soybean,4.1647748947143555,2.9470095015158106,2.7900006165201323,3.0150445319714914,2.9316436182714565,2.825634794109546,2.8468663599494652,2.935920833267209,2.894720321435423
Argentina_DUP1_farm42_field440_soybean_2021,Argentina|soybean,3.405916452407837,3.9900464029030394,3.926145664209622,3.8874210709050607,4.074009931363117,3.9673320640341254,5.936719037478852,3.9990438489975118,4.00961589357305
Argentina_DUP1_farm44_field449_wheat_2018,Argentina|wheat,3.2202141284942627,3.3354593028621142,3.1413239621676174,3.1085750403187276,3.8790938010336173,3.015886154943077,4.191850247536876,3.3722829939192787,3.0121204266857156
Argentina_DUP1_farm44_field450_corn_2021,Argentina|corn,7.9806389808654785,6.405529634296899,6.335491785452369,6.382002006243728,6.151108345824121,5.874128276878922,3.5864250848113604,6.4182778488001775,6.606755252629041
Argentina_DUP1_farm44_field452_soybean_2020,Argentina|soybean,3.424290418624878,4.215137972169433,4.11618622521561,4.07127199554539,4.202071442945008,4.095843822392998,4.08430891931457,4.254401487690977,4.440980421507493
Argentina_DUP1_farm44_field461_wheat_2021,Argentina|wheat,3.349882125854492,1.8408576824653617,1.6359927992599443,1.7516296959708364,2.128278678603143,2.028287066435448,2.01680062289501,1.9026728393394103,1.8708514137963972
Argentina_DUP1_farm44_field462_soybean_2020,Argentina|soybean,4.6820969581604,4.390781089409316,4.454915278628271,4.491896997711882,4.427767320460146,4.536849854471529,4.823209104902623,4.4311415568068035,4.369750108235415
Argentina_DUP1_farm44_field473_corn_2021,Argentina|corn,11.483881950378418,6.544685862065474,6.611890233076256,6.560849644575779,6.530176238577445,5.954283185861806,3.5797517635086935,6.567056241273384,6.816665592103604
Argentina_DUP1_farm44_field481_soybean_2019,Argentina|soybean,4.2340006828308105,4.358116695696114,4.381385945428976,4.294895035846269,4.387945527175434,4.51075096399869,4.168136986238892,4.36806897836797,4.1987808876441965
Argentina_DUP1_farm44_field484_soybean_2018,Argentina|soybean,4.172374248504639,3.4266229261294336,3.934868177701193,3.346809776360826,3.518022214452345,4.014311387307806,3.6461123924251577,3.4185669234638594,3.2783743643063663
Argentina_DUP1_farm44_field496_soybean_2021,Argentina|soybean,1.9881240129470825,3.876886130563143,3.917956825727223,3.8177643516964914,4.027945521277698,3.949123127969934,3.9376941323957944,3.896335287545319,3.9895913415512765
Argentina_DUP1_farm44_field500_soybean_2020,Argentina|soybean,3.447204351425171,4.447996618758539,4.369122243337858,4.556446424029872,4.4387400832276,4.489006097920496,4.4874305293154215,4.412421334102,4.384893145329392
Argentina_DUP1_farm44_field503_soybean_2018,Argentina|soybean,3.670666217803955,3.6925597214635144,4.15578866907255,3.649888401940372,3.7095455672894277,4.071462305112504,3.985214126293379,3.687645323768347,3.82233453804296
Argentina_DUP1_farm44_field505_soybean_2021,Argentina|soybean,3.1494650840759277,3.0280521003631415,2.7173006292875472,2.6743281332418527,3.185262915346719,2.4963879201229693,3.1287928227046646,3.009146900237281,2.90774585804272
Argentina_DUP1_farm44_field506_soybean_2021,Argentina|soybean,2.557133436203003,2.857331544046515,2.8111217635146923,2.9093657417136676,2.955065341181008,2.855422150420281,3.450149928792057,2.8931812720183068,2.8445952019395255
Argentina_DUP1_farm44_field508_soybean_2019,Argentina|soybean,3.796565532684326,3.9700068285054373,3.961005512740224,3.896186773329969,3.9416417991476767,4.105136021195191,3.6923518238066233,4.008353580483255,4.151900950511473
Argentina_DUP1_farm44_field510_soybean_2019,Argentina|soybean,3.9510750770568848,4.230360162264393,4.231175482674087,4.044811802980381,4.234612637876327,4.273362654097118,4.103185538859683,4.243281121253448,4.203117279835899
Argentina_DUP1_farm44_field518_soybean_2020,Argentina|soybean,2.855581045150757,2.7795358188933093,2.4311936711086615,2.7565184413202464,2.9835108467611615,2.668481471546945,3.38813235223238,2.826359285368736,2.802244332412112
Argentina_DUP1_farm44_field519_soybean_2020,Argentina|soybean,3.964035749435425,3.9735417555034616,3.7741469004675454,4.192784876778564,4.083689744522272,3.804911488305787,3.2684533205963406,3.926549969144854,3.7617717897857856
Argentina_DUP1_farm44_field536_soybean_2019,Argentina|soybean,4.50089168548584,4.246200147334864,4.159499539061365,4.141961487692063,4.21585492754475,4.134046756828294,3.978622035700961,4.264354271761638,4.264228970564051
Argentina_DUP1_farm44_field547_soybean_2018,Argentina|soybean,2.847217559814453,2.8249652529228197,3.0914614023571607,2.927107359417458,2.7949113591792285,2.9765919880503953,2.6961552572875283,2.8038716192247692,2.9690104114760736
Argentina_DUP1_farm44_field557_corn_2018,Argentina|corn,4.47698974609375,6.001257961377507,5.600259169426889,5.741389239131159,6.874296848150339,6.77466875735585,2.679834342351396,6.101930696913147,6.259015668682717
Argentina_DUP1_farm45_field589_corn_2020,Argentina|corn,12.453889846801758,11.560502776100597,11.499002950905762,11.494446526850396,11.473581827687646,10.96052679842929,10.754032027975857,11.536943887859632,11.364161459645725
Argentina_DUP1_farm45_field592_corn_2020,Argentina|corn,12.958222389221191,11.019099437040154,10.7606218046304,10.775268674121007,10.99644234060413,10.434348723987748,10.351482066698912,10.95604649025556,11.822090947750958
Argentina_DUP1_farm45_field596_corn_2020,Argentina|corn,12.130420684814453,11.595499063126177,11.57519873438176,11.509486377275184,11.565511950270457,11.222752721598098,9.786510350066495,11.574735585499113,11.658923791482781
Argentina_DUP1_farm45_field601_wheat_2019,Argentina|wheat,6.201404571533203,5.8168527920152275,5.863084367531861,5.72184374673336,5.460551720513038,5.295211582264272,5.014707254156798,5.858519332574916,5.699550541346401
Argentina_DUP1_farm45_field603_wheat_2021,Argentina|wheat,7.786730766296387,5.662145441865284,5.8372792959886315,5.644922327851049,5.822717655507681,6.2383761917999925,6.022095142626916,5.687455829057851,5.297140440763201
Argentina_DUP1_farm45_field607_wheat_2020,Argentina|wheat,6.705805778503418,6.244394998452989,6.195783054205679,6.028568581970578,6.112310720107168,5.769429881699942,6.552108948131827,6.174914643977751,6.251480038854026
Argentina_DUP1_farm45_field618_wheat_2021,Argentina|wheat,6.5878376960754395,5.5917913095613825,5.932234599917204,5.570843456437381,5.52558960717459,5.4907774036361445,6.5191272144423245,5.625977038306848,5.51281643380954
Argentina_DUP1_farm45_field638_corn_2018,Argentina|corn,10.892257690429688,9.774160239286555,9.725226383187152,9.681289562853241,10.311631807232372,10.12494461944361,7.9010811061405875,9.675874941780915,9.37294947271656
Argentina_DUP1_farm45_field647_corn_2023,Argentina|corn,2.9263737201690674,5.269600843134203,5.419458157858594,5.135871185487572,5.2928125304482325,5.45153201746124,3.6667155821605517,5.265605077905423,5.2445733757435855
Argentina_DUP1_farm51_field668_soybean_2022,Argentina|soybean,1.4079108238220215,3.0758090700366942,3.201648908812995,2.843731775336,3.010587464983172,2.9882844827248976,3.1776663840706245,3.117408433437243,3.167452250774665
Argentina_DUP1_farm51_field676_wheat_2021,Argentina|wheat,5.653107166290283,5.643591953335196,5.810630570708267,5.663331172320965,5.143815328056877,5.31456813134488,6.162072097973897,5.653547877160448,5.3272227434239525
Argentina_DUP1_farm51_field680_corn_2022,Argentina|corn,9.317485809326172,11.05880243999911,11.1162653612382,11.248893085260386,11.093589370280245,11.253050635324565,10.38376263272982,11.053688645533608,10.74301127927624
Argentina_DUP1_farm51_field685_wheat_2022,Argentina|wheat,1.9370661973953247,3.1226241603977973,3.0333750472045624,2.9818626705419637,3.0828548395261253,2.931812678492852,3.2235383937696818,3.1083762953608565,2.9642475389158065
Argentina_DUP1_farm52_field686_soybean_2020,Argentina|soybean,2.813114643096924,3.4891972233496666,3.3095505852883362,3.3736362712933152,3.5189763077114598,3.4963798636699206,3.296203612983164,3.510028618399055,3.2759578885768725
Argentina_DUP1_farm52_field697_soybean_2022,Argentina|soybean,4.865903377532959,4.691765936943008,4.623181791059951,4.8000684928880055,4.8622947655070945,4.704267462525322,5.019755103610835,4.634525216969498,4.500927098320298
Argentina_DUP1_farm52_field706_soybean_2022,Argentina|soybean,5.757415771484375,4.91330283380724,4.858349855223221,4.995507067637582,4.877979827920082,5.067290643271557,4.845285267984076,4.925892203731916,4.906936605444143
Argentina_DUP1_farm52_field714_soybean_2021,Argentina|soybean,2.7373156547546387,2.9503378317330435,2.9368387073207267,2.935088788483023,2.9482504020548888,2.7584017593169055,3.757617261809758,2.9869130854538017,2.9212414683189576
Argentina_DUP1_farm52_field717_soybean_2021,Argentina|soybean,4.156802654266357,4.35905620359986,4.258978263338194,4.374982200062623,4.2612716408266476,4.002979842987816,5.972140352771241,4.337239516949892,4.468522124886685
Argentina_DUP1_farm52_field727_soybean_2021,Argentina|soybean,3.8810455799102783,4.1838549324924665,4.080792075057336,3.932870652271897,4.100702516901907,3.901411059415908,4.9054618232408025,4.163363519750047,4.1315634290069285
Argentina_DUP1_farm54_field733_wheat_2020,Argentina|wheat,2.2495839595794678,1.9297432764235931,1.9989856486276865,1.8045805909271286,2.084108782515013,2.1239751152881916,1.973310907883762,1.9088527511991642,1.7141284265316714
Argentina_DUP1_farm54_field735_soybean_2021,Argentina|soybean,0.7536706924438477,2.305712606925042,2.1106238911947117,2.1334724838757295,2.3607392930240856,2.3150068559908417,2.002017297041459,2.3213570748861545,2.369418672431176
Argentina_DUP1_farm54_field739_soybean_2018,Argentina|soybean,3.4476916790008545,3.7142130872385763,4.038940267820884,3.6728643593869594,3.658190147564105,3.7846415444445585,3.5322740015371505,3.732228227719883,3.743843361533708
Argentina_DUP1_farm54_field743_soybean_2020,Argentina|soybean,4.636996269226074,4.521553998600835,4.47145508238559,4.540385718247309,4.428303147490224,4.580067633035668,4.476585774123056,4.512098102761265,4.308962706301875
Argentina_DUP1_farm55_field747_corn_2023,Argentina|corn,6.004730701446533,5.8632459136764075,5.63525930448625,5.844795590104598,5.826408213023939,5.867257070655073,5.3634897590587025,5.815353709606889,6.011908793257011
Argentina_DUP1_farm56_field750_soybean_2023,Argentina|soybean,1.5359516143798828,2.7786535339015384,2.9546000428651626,2.783009355242383,2.594270258608672,2.997980879320722,2.6495969967584245,2.787477760416687,2.9492847038419336
Argentina_DUP1_farm5_field64_soybean_2024,Argentina|soybean,2.95475435256958,3.5945087968824865,3.380650576767575,3.3280118809563577,3.6800153391234054,3.3036702881189255,3.3320723693027174,3.586814629013401,3.5407317834495964
Argentina_DUP1_farm5_field65_corn_2024,Argentina|corn,11.944779396057129,11.643701404856586,11.554053214136577,11.700626681990329,11.325571213162053,11.441767702777298,10.318196879648617,11.60356878179132,11.417676115367295
Argentina_DUP1_farm6_field78_soybean_2023,Argentina|soybean,1.835261583328247,2.489741390438703,2.6622749019603598,2.4323204371109814,2.398755438170288,2.644718608024947,2.52091740925582,2.5223974668850353,2.5271039185014854
Argentina_DUP1_farm7_field86_soybean_2024,Argentina|soybean,2.7664196491241455,4.070881324559743,4.020558035158457,3.9579936280278116,4.012987858785025,3.968602897395853,5.869802163465183,4.058362914158679,3.760570889218514
Argentina_DUP1_farm9_field94_corn_2024,Argentina|corn,9.31701374053955,10.115339123728056,9.89600683304628,9.88303103565139,10.001738285437746,10.05514614476898,10.325787770970983,10.171409846749517,10.352555826385373
Brazil_DUP2_farm2_field15_wheat_2017,Brazil|wheat,3.5504167079925537,3.6793275548407323,3.7102489573492297,3.5351514401704147,3.6872032262090886,3.6721213347027315,3.884320344540518,3.6736618955950635,3.6419312175496383
Brazil_DUP2_farm2_field18_soybean_2019,Brazil|soybean,3.74405837059021,3.6073895990417677,3.7096206614448937,3.568452559335353,3.702453527364373,3.6595333228582407,4.587004107691392,3.615499608098208,3.6674923384525235
Brazil_DUP2_farm2_field25_corn_2019,Brazil|corn,7.2953948974609375,7.515652796216706,7.6674529972508365,7.593750286763021,7.548548665482795,7.7133047823354834,9.009365728627017,7.469706713464945,7.398081094534115
Brazil_DUP2_farm2_field36_soybean_2022,Brazil|soybean,4.307104110717773,4.219655007459549,4.277172456562657,4.266982645885418,4.136578698804402,4.1334368538831665,4.19063530060768,4.200203539155847,4.237989777235906
Brazil_DUP2_farm2_field38_soybean_2020,Brazil|soybean,4.140893936157227,4.540824838833031,4.599232170969805,4.548577702996879,4.516817935369387,4.5446744135418,4.564451169271679,4.531529060260297,4.358241314794836
Brazil_DUP2_farm2_field41_soybean_2019,Brazil|soybean,3.871553659439087,3.8940661668541123,3.9508140930176157,3.9422436721955267,3.7873541637351646,3.659186752092028,3.7123696487706077,3.9091034759125414,4.004349321838826
Brazil_DUP2_farm2_field44_wheat_2020,Brazil|wheat,4.408825397491455,4.230947621493248,4.334769653048842,4.203413673377539,4.152755202337928,4.063557454161602,4.494264938722436,4.208807090504992,4.404786178170486
Brazil_DUP2_farm2_field46_corn_2023,Brazil|corn,8.691034317016602,7.692471268252891,7.569828434041081,7.808729069593286,7.246878667895387,7.2357090976747545,8.457470168396586,7.556656076403655,7.117520920874155
Brazil_DUP2_farm2_field50_soybean_2024,Brazil|soybean,3.9796488285064697,4.17418599789635,4.25593610827472,4.057607548908753,4.221936174708625,4.146994118275658,3.9702260955980506,4.161075293214082,4.00381473696151
Brazil_DUP2_farm4_field113_soybean_2023,Brazil|soybean,4.134476661682129,4.360404360472853,4.404316277271545,4.405739069667085,4.346933364302531,4.4261705258339346,4.455678860697712,4.360943125612463,4.297485570010843
Brazil_DUP2_farm4_field129_corn_2024,Brazil|corn,4.312436580657959,6.140324708717525,6.35499960014763,6.054971747909584,6.178731041464609,5.623174150328667,6.010131038943673,6.149476472702285,5.8772864819685715
Brazil_DUP2_farm4_field134_corn_2018,Brazil|corn,7.684322834014893,6.839713138186847,6.61825224324752,7.2638458880813035,6.935513184121988,6.892971468548778,8.016457128073103,6.920004270071323,7.038066848786074
Brazil_DUP2_farm4_field67_soybean_2020,Brazil|soybean,4.458172798156738,4.427781615911638,4.346606302658437,4.401416669799774,4.369861632034976,4.412431400449851,4.834486556663779,4.440352606059554,4.415347433194814
Brazil_DUP2_farm4_field83_wheat_2020,Brazil|wheat,3.2220044136047363,3.5603128452645283,3.5509295928214915,3.575388183622394,3.587222756559841,3.610212405152056,3.584417510169963,3.5525482802354063,3.579306016772634
Brazil_DUP2_farm4_field88_soybean_2019,Brazil|soybean,2.7837440967559814,3.474703706931143,3.498638203090413,3.528219933869716,3.4031183494810318,3.421942962747036,3.670625857376808,3.478899911313556,3.569324040025699
Brazil_DUP2_farm4_field95_soybean_2019,Brazil|soybean,2.6613800525665283,3.6266126869499096,3.6411484779046237,3.4813958783857846,3.635041334428311,3.482741741023559,3.376170573122348,3.6295247366097625,3.4647371598704257
Brazil_DUP2_farm5_field146_corn_2023,Brazil|corn,7.280275821685791,6.808650136524681,6.485761551964875,7.155514710574445,6.960162158920064,7.00932678426836,5.917871235044452,6.919033640867048,6.763074989710243
Brazil_DUP2_farm5_field153_soybean_2018,Brazil|soybean,4.145542144775391,4.320272005009944,4.367750795738996,4.388486098814405,4.338039312868125,4.484844206145098,4.745924253385327,4.3083886487703404,4.397899693339766
Brazil_DUP2_farm5_field156_corn_2023,Brazil|corn,5.96615743637085,6.9918164970578145,7.245544323221149,7.3795978652959615,7.1698841700585145,7.22383974369392,5.978589655389722,7.020353250521841,6.935948970831248
Brazil_DUP2_farm5_field164_wheat_2018,Brazil|wheat,5.133892059326172,3.9402286954941492,3.843056835061546,4.044240230669093,3.9207883165047237,3.899812535634745,5.249073849331468,3.8856337335412334,3.9598130174183193
Brazil_DUP2_farm5_field167_wheat_2019,Brazil|wheat,3.5153419971466064,4.016208161669006,4.080444773368063,3.8324746099162574,3.924282225277986,3.948004022571582,3.830953727307526,4.061311381330555,4.06874132021276
Brazil_DUP2_farm5_field177_soybean_2019,Brazil|soybean,3.472752332687378,3.290361349282803,3.29925969741338,3.3400765183930874,3.314292968524984,3.3913333050689918,3.2468456109692307,3.31350822780064,3.373500533233535
Brazil_DUP2_farm5_field178_wheat_2021,Brazil|wheat,4.578473091125488,4.730543402585738,4.699902764190863,4.803963310443125,4.675639531295959,4.7461711845999,4.799239251996318,4.740617365414609,4.762217800693094
Brazil_DUP2_farm5_field184_soybean_2019,Brazil|soybean,2.2968311309814453,3.1130790893421816,3.111311330314476,3.182956642368183,3.2683800506097938,3.3982776960687673,2.8997405010909363,3.15385796085914,3.177305816091037
Brazil_DUP2_farm5_field185_soybean_2021,Brazil|soybean,3.7659876346588135,4.17481006762122,4.209471408163769,4.317884367843434,4.140688348387439,4.2850421627543245,4.486702535477608,4.1802327947752085,4.104531379991849
Brazil_DUP2_farm5_field191_soybean_2024,Brazil|soybean,3.446136713027954,3.8540428993372897,3.93407644300453,3.7132509177147623,3.9251949830829864,3.8898101543172796,3.68615796482172,3.902610272632217,3.894921313506822
Brazil_DUP2_farm5_field195_corn_2019,Brazil|corn,7.561824798583984,6.996115670394118,6.9945308578833325,7.053908362437786,7.245986591615873,7.046512743902147,6.327996468840473,7.003547594338478,6.883610884948079
Brazil_DUP2_farm5_field218_soybean_2018,Brazil|soybean,4.720359802246094,4.269832239127432,4.294166178850208,4.375582642995699,4.270914630513385,4.440332634334012,4.028922830011926,4.271108397728241,4.273355696490512
Brazil_DUP2_farm5_field234_soybean_2022,Brazil|soybean,3.153770923614502,3.129314355766872,3.2677805296926694,3.1740745879836227,3.2911092394712163,3.377440779667341,2.9628100477173684,3.124318318867716,3.3053431743787054
Brazil_DUP2_farm5_field238_soybean_2021,Brazil|soybean,4.45763635635376,4.309097037908043,4.406066707740655,4.30572352452833,4.309272360052815,4.235436299192203,4.091820272681144,4.322507865906953,4.400680992263308
Brazil_DUP2_farm5_field255_soybean_2019,Brazil|soybean,2.6488635540008545,3.1111121990308925,3.1607514146724163,3.1412027164760294,3.2880027039740445,3.3278914746780544,2.9521085474527493,3.1496496080891676,3.1594760364009624
Brazil_DUP2_farm5_field273_corn_2020,Brazil|corn,9.866704940795898,6.695971398042446,6.871322738471776,7.005718600068733,6.837237409560222,7.096545545942243,5.569077043886301,6.658285329354537,6.48597857047038
Brazil_DUP2_farm5_field277_wheat_2018,Brazil|wheat,4.971075057983398,3.4130265341227544,3.2895715155943606,3.359341244485993,3.409308480262726,3.395531388995158,3.607977015358185,3.3879593879091416,3.316064810293437
Brazil_DUP2_farm5_field281_soybean_2024,Brazil|soybean,3.672234058380127,4.177803005717912,4.371969522110514,4.281061151237422,4.169473682530216,4.508310764959295,4.073093243524083,4.164365265329708,4.140494490994468
Brazil_DUP2_farm6_field293_wheat_2021,Brazil|wheat,5.280581951141357,4.806516973455824,4.909731454265971,4.789279590815014,4.674809869183372,4.62563837600507,4.961973909344573,4.7542785824977365,4.862890714328794
Brazil_DUP2_farm6_field301_wheat_2021,Brazil|wheat,4.109171390533447,4.469959502674042,4.344172217724141,4.669556644930166,4.462830367279509,4.740310883995141,4.369747411254172,4.479642746282062,3.962105184897313
Brazil_DUP2_farm6_field302_soybean_2018,Brazil|soybean,4.501225471496582,4.196359184627231,4.2725329735022815,4.135372081867293,4.1687431372725365,4.07134062562016,4.160285247526355,4.170497868238891,4.025012709078118
Brazil_DUP2_farm6_field305_soybean_2023,Brazil|soybean,3.9402313232421875,4.2185092375297275,4.17659750801284,4.341998629260708,4.107449067696837,4.0469934950432025,4.1536245610785105,4.192126281507742,4.285035798901052
Brazil_DUP2_farm6_field317_soybean_2018,Brazil|soybean,4.2405924797058105,4.015865006242509,4.018594172740511,3.957258549422028,4.029722296655601,4.023354680153884,4.312603891241298,4.034090297155136,4.0604077613411125
Brazil_DUP2_farm6_field318_soybean_2019,Brazil|soybean,3.2935357093811035,3.289870148068493,3.299551437313723,3.2429505116040533,3.379569745683292,3.3109678360104504,3.101076057508494,3.295535764763536,3.2003064745415206
Brazil_DUP2_farm6_field319_corn_2024,Brazil|corn,5.417327880859375,5.962977327312286,5.690150406054983,5.93166540799087,5.998230938966971,5.811519236764625,6.589342072332693,5.970769738579448,6.614550573826166
Brazil_DUP2_farm6_field325_wheat_2018,Brazil|wheat,2.8940229415893555,2.801567351360567,2.606568162993386,2.810096549652412,2.866459651481558,2.7610116411501076,2.767396131357992,2.846951582431251,2.849371615948196
Brazil_DUP2_farm6_field331_wheat_2019,Brazil|wheat,4.073089122772217,3.688787491505015,3.7638663528855543,3.690809669743614,3.7229835087168026,3.746506515092037,3.7853622792739454,3.6726972572031724,3.838007814084305
Brazil_DUP2_farm6_field332_soybean_2020,Brazil|soybean,4.528463840484619,4.2203763760627,4.204014323037604,4.186666919417071,4.17408085611579,4.016805472017108,4.136254728092518,4.204331928715866,4.243119931140486
Brazil_DUP2_farm6_field334_soybean_2020,Brazil|soybean,3.682724714279175,4.1145927879436694,3.95857942425652,4.199832759908673,4.207463926204475,4.131466068511875,3.888293431289796,4.140458451722416,4.097810908428153
Brazil_DUP2_farm6_field336_soybean_2018,Brazil|soybean,4.660524845123291,4.296946902988108,4.293616059523475,4.285050250368948,4.204681574669279,4.216526571679778,4.2730671890124965,4.253665238709839,4.374990286165812
Brazil_DUP2_farm6_field343_soybean_2017,Brazil|soybean,5.014899730682373,4.563625239184589,4.616755666212188,4.580965746705908,4.478831793930395,4.508528704041698,4.7584571014658605,4.539274781842625,4.453658500107629
Brazil_DUP2_farm6_field347_corn_2019,Brazil|corn,6.527939319610596,6.152917896161275,6.395118507428167,6.222589495786493,6.321264407981227,6.633680058017678,6.692977472184921,6.201455371465484,6.326003126558323
Brazil_DUP2_farm6_field354_soybean_2022,Brazil|soybean,4.1620683670043945,4.2495970602712365,4.27538388364597,4.23534686295402,4.202885928927694,4.210532097092056,4.474926270013571,4.230694043324073,4.230715839093803
Brazil_DUP2_farm6_field358_corn_2024,Brazil|corn,7.944735050201416,6.682407349494663,6.570032778866232,6.506875757696531,6.854541713662313,7.028036885292081,5.745114567162213,6.683136051714962,6.665960462764564
Brazil_DUP2_farm6_field361_soybean_2021,Brazil|soybean,4.1926679611206055,4.05756824846816,4.098111565620834,3.8891160798870414,4.051455758408116,3.920597555591685,4.117000012989311,4.048992673438086,4.119863735906679
Brazil_DUP2_farm6_field371_soybean_2023,Brazil|soybean,3.2868411540985107,4.180777045713238,4.246726602177588,4.223760140145935,4.222154080040272,4.266917354992123,4.499343905623949,4.183734463177912,4.219070919073569
Brazil_DUP2_farm6_field372_corn_2020,Brazil|corn,10.143900871276855,8.24156806891568,8.33488172308237,8.126448367701345,8.25282541425969,8.144547527189136,8.095923045557747,8.21772029477359,8.78077876133778
Brazil_DUP2_farm6_field373_corn_2019,Brazil|corn,7.1012959480285645,6.013485933210975,5.829846726333301,5.955002457469726,6.261401813327419,6.264968037146508,5.34840718769504,6.054842859129141,6.517531769051399
Brazil_DUP2_farm6_field377_soybean_2021,Brazil|soybean,4.079043388366699,4.1942049892587585,4.221251327534768,4.128511345510329,4.123162237880048,4.1032542760482595,4.29657607669945,4.187281203673545,4.191317326708987
Brazil_DUP2_farm6_field382_wheat_2019,Brazil|wheat,3.7733302116394043,3.8897532717040515,3.9715207602688403,3.806809609950297,3.8895269122318608,3.8877485156166345,4.177700069517079,3.8770507949681754,4.099578334718902
Brazil_DUP2_farm6_field385_soybean_2023,Brazil|soybean,4.831797122955322,3.950779344878825,3.907150827601125,4.050583255478077,3.9600008429018283,3.8330133622726623,3.620488192786585,3.9174495086270196,4.1840635473746595
Brazil_DUP2_farm6_field390_wheat_2022,Brazil|wheat,3.507200241088867,3.588003768581011,3.6049713406850965,3.4804042138451914,3.6011552259445843,3.487876566999872,3.459717364153194,3.595999717043258,3.7666537635115893
Brazil_DUP2_farm6_field392_soybean_2019,Brazil|soybean,3.5063679218292236,3.5459945904673695,3.5969122340088404,3.3737751627886534,3.568090350654298,3.453347591080359,3.345200675506656,3.5388614800747877,3.568205071576695
Brazil_DUP2_farm6_field398_soybean_2019,Brazil|soybean,4.125811576843262,3.5023379001322383,3.5922903358399583,3.3711837797610675,3.498633624386926,3.3844665530991493,3.3421585820959514,3.482255883406327,3.4542127535707636
Brazil_DUP2_farm6_field402_corn_2020,Brazil|corn,5.578191757202148,7.8094801532582165,7.918473195885868,8.670796681176114,7.837543715002864,8.557829422608066,8.276690415046183,7.889542955463149,7.722168299470034
Brazil_DUP2_farm6_field405_wheat_2018,Brazil|wheat,5.12394380569458,4.124460636381194,4.024819055675458,4.105004654499545,4.1141941962336235,4.011090473258794,4.063469273508945,4.101401716476912,4.10013998836526
Brazil_DUP2_farm6_field408_corn_2019,Brazil|corn,6.854948043823242,6.15457118154764,6.243926243300918,6.331116423424718,6.452107320816183,6.954352659155607,6.101216698881008,6.26826986496525,6.338812679365869
Brazil_DUP2_farm6_field413_soybean_2018,Brazil|soybean,4.2945685386657715,4.097793651845883,3.9515495484058114,4.227993902403512,4.06451350331475,4.058788374984834,3.9262800962135933,4.123354927714449,4.242358809198892
Brazil_DUP2_farm6_field416_corn_2023,Brazil|corn,2.661848783493042,4.441294636339053,4.61378823888751,4.34478325232113,4.582495309124488,4.724156494121673,3.733669604347464,4.4768270486502235,4.41906182361848
Brazil_DUP2_farm6_field419_soybean_2021,Brazil|soybean,4.081830978393555,4.009311393738781,3.9837755807770727,3.928279222112505,4.0359046851297915,3.9727077796000994,3.8105018508593207,4.025333800719136,4.068162949562985
Brazil_DUP2_farm6_field424_soybean_2021,Brazil|soybean,4.107974052429199,4.150999422715099,4.175905306079828,4.06837359481715,4.162454537838519,4.097136456609744,3.979967449386116,4.15279344961831,4.134183899483478
Brazil_DUP2_farm6_field442_corn_2020,Brazil|corn,5.412701606750488,6.475892312661007,6.515322147655993,6.730951256875938,6.865831858448389,7.304672629290985,6.73030536322784,6.551885549399985,6.436380750101292
Brazil_DUP2_farm6_field446_corn_2017,Brazil|corn,7.504764556884766,6.881792173862222,7.228722378050116,7.19353890292946,6.383899078811434,6.446994382168835,6.315513850342592,6.827352331621508,6.972119722708233
Brazil_DUP2_farm6_field457_soybean_2018,Brazil|soybean,4.795234680175781,4.344756899323409,4.390841723278542,4.394487199596387,4.221873491839824,4.168467019383257,4.2648049703768,4.312002482339166,4.337932354052582
Brazil_DUP2_farm6_field458_corn_2024,Brazil|corn,6.387229919433594,6.164187557712713,6.048272536880871,5.784718668395248,6.074957991827728,5.890492661811466,5.713614859248963,6.1494733475348315,6.286185483258788
Brazil_DUP2_farm6_field460_wheat_2022,Brazil|wheat,3.684356212615967,3.8511154259092866,3.9230664435249825,3.796647925600934,3.808601945547929,3.760717539386868,3.6849450778982886,3.8283764850808297,3.888774039277638
Brazil_DUP2_farm6_field472_soybean_2021,Brazil|soybean,3.885075092315674,4.1214410841556735,4.174625724261165,4.135184675129113,4.1165272502778905,4.135495718292465,4.153825039602087,4.1104004140805985,4.18743851801578
Brazil_DUP2_farm7_field479_soybean_2018,Brazil|soybean,2.7960479259490967,3.7742045267914315,3.8010874243631525,3.806085654663774,3.7914789304100283,3.7909767250295046,4.583902813496502,3.752019619383907,3.648546230352302
Brazil_DUP2_farm7_field482_soybean_2019,Brazil|soybean,2.4720380306243896,3.8915174226907543,3.9221669356598263,3.8473336869277377,3.89219694651199,3.839513990068756,4.091525815982619,3.8858541719291324,4.043625365615395
Brazil_DUP2_farm7_field484_soybean_2017,Brazil|soybean,3.841712236404419,3.646799021566044,3.5512638360441846,3.6247887952122584,3.7367580770304833,3.530134729845807,3.643694591968841,3.629385315418992,3.6472476027644976
Brazil_DUP2_farm7_field486_soybean_2019,Brazil|soybean,2.5930209159851074,3.8963499997083533,3.902658512895074,3.937409078300607,3.8439540086280606,3.8020717101197055,3.7858716522870277,3.8823016270318056,4.042035276583083
Brazil_DUP2_farm7_field487_soybean_2019,Brazil|soybean,2.331937789916992,3.6984303498776905,3.5805353871445735,3.6442400242787554,3.771192312753719,3.683542713079654,4.569853259215396,3.6837439191950225,3.6770544931104236
Brazil_DUP2_farm9_field502_soybean_2022,Brazil|soybean,4.081422328948975,4.188107871874793,4.201567432143598,4.125884147222507,4.201823605329648,4.135591494259847,4.034133294546752,4.185884032403586,4.194654827027275
Brazil_DUP2_farm9_field510_wheat_2020,Brazil|wheat,3.1211400032043457,3.517958713215273,3.4826793218876495,3.534416852794755,3.5646668778335977,3.6142677617460044,3.5089352117166888,3.5385534094311226,3.5708867426360342
Brazil_DUP2_farm9_field514_soybean_2018,Brazil|soybean,4.365799427032471,4.2237180588922785,4.229223776845136,4.309439860233479,4.214642935127594,4.26743373421285,4.207022697105188,4.239091683314173,4.242844406587541
Brazil_DUP2_farm9_field519_corn_2023,Brazil|corn,7.775006294250488,7.290381594826215,7.095870630918457,7.421703868378326,7.405270467307482,7.1520630479753855,6.510915282824377,7.2976843442919375,6.940167185155506
Brazil_DUP2_farm9_field528_wheat_2023,Brazil|wheat,2.8958580493927,3.089036775158884,3.0800117470133856,3.1111999757829567,3.1446745411370167,3.03774300694809,3.6477888663139573,3.1233537533502482,3.195430324453324
Brazil_DUP2_farm9_field545_soybean_2019,Brazil|soybean,3.7210769653320312,3.6988968941040405,3.625486967433062,3.66564879242038,3.648861258394233,3.5912290554386765,3.574871894312246,3.6880932303538203,3.5419639409152994
Germany_DUP3_farm1_field10_wheat_2016,Germany|wheat,9.957723617553711,9.55169284316145,9.411908606241514,9.60172313481287,9.469290989940623,9.915969152544504,9.144042729912112,9.48036681928801,9.606907056600189
Germany_DUP3_farm1_field22_rapeseed_2016,Germany|rapeseed,5.980362415313721,4.2925847536252295,4.112679162383919,4.302453678674717,4.0269574438893745,3.718122286283048,6.085208000939817,4.193755607248329,4.151656504494404
Germany_DUP3_farm1_field24_rapeseed_2017,Germany|rapeseed,6.159890174865723,4.497773979433418,4.479897448196224,4.401832153354486,4.6531799814571055,4.423784331790971,5.395096279598311,4.44031390329113,4.4307152961356175
Germany_DUP3_farm1_field2_wheat_2016,Germany|wheat,11.239669799804688,9.184990332113768,9.426487790924838,9.198316422151823,9.163189290738678,9.164725297481917,7.551371354134249,9.08769124895051,9.270916127870983
Germany_DUP3_farm1_field30_wheat_2017,Germany|wheat,11.840201377868652,10.587294275604853,10.841564268569842,10.675448196896756,10.332049090247251,10.645962538990386,11.268143277628772,10.487696178484411,10.108060690794506
Germany_DUP3_farm1_field33_wheat_2016,Germany|wheat,8.857559204101562,8.829334683749359,9.059651524525243,8.538985684144823,9.046217850695994,8.969598442668572,6.370689538487393,8.781164546759472,8.418873113445162
Germany_DUP3_farm1_field34_wheat_2017,Germany|wheat,14.349177360534668,11.05260392259018,11.134178442775095,11.075837500537562,10.864203646915303,10.654155990751272,12.158485382745905,10.941332305838571,10.172381924680213
Germany_DUP3_farm1_field36_wheat_2017,Germany|wheat,13.383131980895996,10.96851060946032,11.089328554616463,10.962194747635973,11.149226076295978,11.143867842065763,12.715801731942522,10.748838463670234,10.50843722710632
Germany_DUP3_farm1_field39_wheat_2019,Germany|wheat,8.287920951843262,9.05805705349524,9.181880819365233,8.91966970902904,9.010398954210414,8.896544912675402,8.478611918080407,9.003645626462422,9.129282351142502
Germany_DUP3_farm1_field42_wheat_2019,Germany|wheat,10.541364669799805,10.351261207040718,10.551036114194368,10.393716147449506,9.944434779722261,10.037263572527218,10.634074454227534,10.226615694131372,10.133850569806716
Germany_DUP3_farm1_field43_wheat_2016,Germany|wheat,12.243258476257324,9.230662198301195,8.809997109487323,8.912519086823453,8.991322570504543,8.429408074713402,9.171727290555566,9.097993340555025,8.617314985689077
Germany_DUP3_farm1_field46_wheat_2019,Germany|wheat,9.841507911682129,10.155315586278467,10.251805973137712,10.116770078719046,9.840705478165484,10.38897339560804,9.493357594446248,10.097523373462176,9.121244485305013
Germany_DUP3_farm1_field4_rapeseed_2016,Germany|rapeseed,4.564465522766113,4.791467285500691,4.7719578480644245,4.660903589591581,4.797961659915967,4.656880889486248,4.694729388539004,4.7775492147978476,4.759824215285838
Germany_DUP3_farm1_field61_wheat_2019,Germany|wheat,8.98876953125,9.177054296278941,9.202866293859387,9.209993773904937,9.24652448219916,9.392586701514912,5.92145241711912,9.159883265825316,9.084709492700785
Germany_DUP3_farm1_field62_wheat_2019,Germany|wheat,8.745471000671387,9.715233521035897,9.851360237231336,9.797400959836626,9.6235291953888,9.85328709454256,6.388737028648469,9.734036524866614,9.332130284527894
Germany_DUP3_farm1_field8_rapeseed_2016,Germany|rapeseed,4.611868858337402,4.813051996337253,4.833516262366325,4.843658474372516,4.816698726061267,4.873902880174383,5.2329020366379115,4.807086739427738,4.844365166935563
Germany_DUP3_farm2_field129_wheat_2021,Germany|wheat,9.400776863098145,9.865433835884982,9.83223804885821,9.905160798044625,9.908855873256917,9.633031763423054,10.151510354829584,9.858945268902984,9.394376675154007
Germany_DUP3_farm2_field143_wheat_2016,Germany|wheat,13.214431762695312,10.059086008261767,9.908464815920597,10.05491120633764,10.265270613146889,10.516108446996979,10.336308949341287,10.054238203031504,10.66315631559935
Germany_DUP3_farm2_field146_rapeseed_2021,Germany|rapeseed,5.823606967926025,5.196394283671196,4.934179968950496,5.268868763457307,5.105986161730398,5.091950394932621,5.763563364214408,5.222702623805764,5.371327310077262
Germany_DUP3_farm2_field158_wheat_2018,Germany|wheat,7.912439823150635,9.582070243500828,9.374782463824829,9.633401802123442,9.507708531867948,9.356847980631516,9.129202267145438,9.552217753320173,10.164465597769935
Germany_DUP3_farm2_field165_wheat_2019,Germany|wheat,9.81688117980957,9.70051779152703,9.632690915362591,9.74635979721966,9.845564425612725,9.921890377081116,8.90041533219309,9.760615650810484,9.926588340677553
Germany_DUP3_farm2_field166_wheat_2020,Germany|wheat,10.155292510986328,9.68608801941896,9.467014866567785,9.675739890852332,9.55929545266341,9.900083209881695,9.487759748644272,9.674036332014282,9.782228237145096
Germany_DUP3_farm2_field173_rapeseed_2020,Germany|rapeseed,6.68973970413208,5.962296943332127,6.019920151582049,6.058205840737708,5.7736768498103395,5.752227790160992,6.4266344165695966,5.930819311603181,5.480970150920452
Germany_DUP3_farm2_field175_wheat_2021,Germany|wheat,8.070727348327637,9.328637640608333,9.20645986258913,9.454770042684006,9.211077064610604,9.72604925455031,8.566639118497072,9.305971073378295,10.045249341984382
Germany_DUP3_farm2_field181_wheat_2017,Germany|wheat,8.252382278442383,9.518907265601449,9.527147824250845,9.645327796870331,9.626232872812633,9.399856480580883,9.164784613390957,9.53178361929278,10.17831244690093
Germany_DUP3_farm2_field187_wheat_2017,Germany|wheat,10.516670227050781,10.304224988210095,10.106328558837617,10.032914888073591,10.221267386194508,9.762912229441365,10.606584899032699,10.25251338501805,10.256636530654745
Germany_DUP3_farm2_field188_wheat_2017,Germany|wheat,10.036564826965332,10.228149173767004,10.18315179174382,10.127041309172359,10.163962045076932,10.219392911971164,10.59111053093172,10.273546968462924,10.10820476137936
Germany_DUP3_farm2_field199_rapeseed_2022,Germany|rapeseed,4.540452480316162,4.672652561826252,4.659940775909151,4.717094495990354,4.70735922011226,4.733515614211395,4.67792743567135,4.685980134787968,4.424811293054256
Germany_DUP3_farm2_field204_wheat_2022,Germany|wheat,9.003789901733398,9.578254772507838,9.598414926754764,9.540130396599693,9.370180123996883,9.25749684024463,8.900362143236837,9.550823664566874,8.94769346769481
Germany_DUP3_farm2_field212_wheat_2022,Germany|wheat,7.30798864364624,9.011199710881513,9.364431214345922,8.812266271029149,9.112587670779456,8.972782776940665,8.589333007324626,9.064308968576752,9.08711354042731
Germany_DUP3_farm2_field77_wheat_2021,Germany|wheat,8.754390716552734,9.544095145599476,9.557271249751325,9.268889245873858,9.47648915071219,9.365948923610697,9.10987574479298,9.561427890634787,9.516373286307235
Germany_DUP3_farm3_field227_wheat_2019,Germany|wheat,4.91508674621582,8.17802346057832,8.396208404491752,8.023590769582439,8.155716852249462,8.345592017495349,7.026601596414486,8.249890931270583,8.302805277560012
Germany_DUP3_farm3_field230_rapeseed_2020,Germany|rapeseed,3.5180726051330566,3.604111970632339,3.235537298659104,3.502203633927184,3.6135498093352876,3.2545978116887575,3.0166827363327586,3.6402865971551237,3.463824946035489
Germany_DUP3_farm3_field236_rapeseed_2017,Germany|rapeseed,2.8401525020599365,4.457729989940696,4.388542300446754,4.4425944254765195,4.5166231567544255,4.795590987101155,4.708571283974942,4.485671952440507,4.256768336409674
Germany_DUP3_farm3_field240_rapeseed_2018,Germany|rapeseed,3.135594606399536,3.874683939071975,3.9038178816408946,3.814542833998117,4.091595531341814,3.906004260402953,3.9597606596146133,3.910883272230289,3.844977121233278
Germany_DUP3_farm4_field244_wheat_2019,Germany|wheat,7.964092254638672,10.136457484148863,10.358201533238907,10.034069339217398,10.091954851745399,10.471873944358945,6.72110171767285,10.072528427201114,9.891078281335709
Germany_DUP3_farm4_field252_wheat_2020,Germany|wheat,8.948681831359863,9.810713396714624,10.029648772948821,9.951569875154771,9.691688323759802,9.875036335237516,8.530242523650225,9.811068942844509,10.018464428713758
Germany_DUP3_farm4_field254_rapeseed_2016,Germany|rapeseed,4.692387580871582,4.335557135127479,4.226883427893319,4.385560354359052,4.440148100230944,4.03766637176516,5.044299129961332,4.366331299697622,4.643936347704462
Germany_DUP3_farm4_field256_rapeseed_2017,Germany|rapeseed,2.44274640083313,4.617119368372287,4.792147367712399,4.617844391777507,4.270099652025087,4.569669198084207,4.186287218166184,4.552670144527606,4.156158184486248
Germany_DUP3_farm4_field259_rapeseed_2017,Germany|rapeseed,4.868704795837402,4.5617320381947275,4.692380051147211,4.594715391676359,4.450254005492777,4.794167974846221,5.10796315731002,4.548370856195779,4.303826402685854
Germany_DUP3_farm5_field268_wheat_2017,Germany|wheat,10.005956649780273,9.189030777065053,9.18632088271952,9.529716434093048,9.479689215036931,9.71492260373538,8.28632893189311,9.19149942806431,9.50231738321486
Germany_DUP3_farm5_field271_rapeseed_2017,Germany|rapeseed,1.0973284244537354,4.712562677041755,4.932331176413338,4.73981595647473,5.0756393395425965,5.318373981997651,6.453625953069071,4.701531164516505,4.742174141921398
Germany_DUP3_farm6_field284_rapeseed_2020,Germany|rapeseed,3.4589855670928955,4.296196680510444,4.3420197551048165,4.505477974675575,4.270755650693175,4.405862088761306,4.1112748836611015,4.301527099475566,4.13880809757391
Uruguay_DUP4_farm10_field309_soybean_2019,Uruguay|soybean,3.8736040592193604,3.733020738512785,3.6435600236504087,3.7293594185227654,3.6812980543175486,3.602622520854033,3.6620291089105717,3.6979052589486257,3.69161013151521
Uruguay_DUP4_farm10_field319_soybean_2019,Uruguay|soybean,4.398415565490723,3.753263871220058,3.544748664270621,3.7041898522181365,3.834804511014408,3.355799576946073,3.6849652773588835,3.721568652896842,3.756794747772261
Uruguay_DUP4_farm10_field329_soybean_2020,Uruguay|soybean,2.9296987056732178,2.4063690907173076,2.6405018120948367,2.2523349972631266,2.2341448427261543,2.6962739420941566,2.7338686516107895,2.406158404319854,2.5656483177184986
Uruguay_DUP4_farm10_field333_soybean_2021,Uruguay|soybean,2.409923791885376,2.273320978043314,2.2786873082332426,2.283562527707608,2.0882845298049446,2.0642620585373432,2.8543355431011417,2.281717655363178,2.2838800769639667
Uruguay_DUP4_farm10_field350_soybean_2021,Uruguay|soybean,1.7333228588104248,2.3349070893445716,2.3260124578398784,2.3854505332748634,2.2017526717471423,2.274695172050105,2.3653893178287517,2.3227056025024844,2.3072018749563563
Uruguay_DUP4_farm10_field358_soybean_2021,Uruguay|soybean,2.3653085231781006,2.449754165730235,2.5599583428277164,2.435690721537221,2.5028247590932575,2.5701420133114374,2.437601410786734,2.4297960172960127,2.515420223340954
Uruguay_DUP4_farm10_field369_soybean_2018,Uruguay|soybean,1.1631176471710205,1.3553181204020002,1.4610917600625768,1.3347629209242882,1.2703288552635585,1.4714984686220611,1.4665076555682899,1.350863293103375,1.3660718653875024
Uruguay_DUP4_farm10_field372_soybean_2018,Uruguay|soybean,0.8646675944328308,1.2528630288905123,1.3910968556431842,1.3144593061630938,1.2642676439565266,1.609379483941125,2.000095830809288,1.2457245263398815,1.2345426648403732
Uruguay_DUP4_farm10_field390_soybean_2018,Uruguay|soybean,3.5092477798461914,2.511321315956445,2.7508443967980964,2.5572036032219883,2.246754718359237,2.7393718781881202,2.7629178891382273,2.493129925814549,2.4324917614152413
Uruguay_DUP4_farm10_field394_soybean_2018,Uruguay|soybean,1.339213252067566,1.300800180516569,1.4557045558155142,1.2928904704183795,1.2612292664976856,1.5534742339796392,1.6574498143371619,1.2796197803898157,1.250622238497539
Uruguay_DUP4_farm10_field399_soybean_2018,Uruguay|soybean,1.3458727598190308,1.1987653681191566,1.2984608050026492,1.1605716871419625,1.196951349074915,1.4153469963637224,1.19799116041264,1.221444710381781,1.2458464589176579
Uruguay_DUP4_farm10_field408_soybean_2018,Uruguay|soybean,1.6810129880905151,1.4568291879380006,1.6205275796339222,1.4909322497632926,1.4357431160263416,1.6006106278208534,1.4908254626527735,1.4488103995436368,1.5162962644838913
Uruguay_DUP4_farm10_field409_soybean_2018,Uruguay|soybean,1.8256875276565552,1.5112299696208926,1.6674234423450507,1.528489547571536,1.479349954614448,1.7407158435134247,1.9288049367246614,1.5111031073658645,1.6003621213445816
Uruguay_DUP4_farm10_field418_soybean_2018,Uruguay|soybean,1.3720719814300537,1.3820491692625891,1.4264764969068877,1.4137911503695344,1.3989307455305569,1.462353439513853,1.764098544487914,1.3773976033522413,1.3988989442957456
Uruguay_DUP4_farm10_field419_soybean_2018,Uruguay|soybean,1.1247838735580444,1.482745370614038,1.4308062272669715,1.4882197052526702,1.5021568787781021,1.5668368616498998,1.7039790252738998,1.5217667222690534,1.5103596469889136
Uruguay_DUP4_farm10_field421_soybean_2018,Uruguay|soybean,1.3511348962783813,1.687256126714585,1.8233696331967222,1.6988645347949258,1.6696625324622578,1.8406820741538819,2.2833680255193274,1.6301867934239263,1.6712764842128496
Uruguay_DUP4_farm10_field425_soybean_2018,Uruguay|soybean,0.7332263588905334,1.2725335977642636,1.2875378766786547,1.3719733504861935,1.2749048171112962,1.3543238472542312,1.2383341416475364,1.3071775341358114,1.2935626886539917
Uruguay_DUP4_farm10_field430_soybean_2018,Uruguay|soybean,1.473268985748291,1.3246658556618247,1.3362494667301148,1.2954780563028943,1.3463259125286178,1.4109686871606084,1.5354460082141639,1.3215881539206913,1.2812193693702612
Uruguay_DUP4_farm10_field437_soybean_2018,Uruguay|soybean,3.446382761001587,1.394404430509022,1.360259070767657,1.3586995809108353,1.3809708657486064,1.6060956214308162,1.4355176510873555,1.3959385308573806,1.3808268954954277
Uruguay_DUP4_farm10_field454_soybean_2018,Uruguay|soybean,1.909615159034729,2.2782058585227083,2.428909932774593,2.149231498034988,2.269581370995237,2.5667827251630606,2.124508872306593,2.295439100890079,2.3160430138807455
Uruguay_DUP4_farm10_field458_soybean_2018,Uruguay|soybean,1.497491717338562,1.0891463587074717,1.1180080211127843,1.0350946532243677,1.0706636618199308,1.114995699462208,1.431580937473957,1.0858004844018028,1.1256567038539242
Uruguay_DUP4_farm10_field461_soybean_2018,Uruguay|soybean,1.1287587881088257,1.3101894606474975,1.3701198650306698,1.3855062005150343,1.2874994654066514,1.494021552634477,1.3021250327255784,1.3206127280833726,1.3385675845280929
Uruguay_DUP4_farm10_field467_soybean_2018,Uruguay|soybean,2.1153945922851562,2.031268335034272,2.007067511782958,2.002816144807422,2.133010394016996,2.3082984038842276,1.9692372273649732,1.988339902172645,1.9886963991084854
Uruguay_DUP4_farm10_field486_soybean_2022,Uruguay|soybean,3.1260085105895996,2.997275787248241,2.9913569827888393,3.001014641493967,3.0844163317156403,3.0502811852373517,3.1613395677751956,3.0090691711859248,2.8035740325338554
Uruguay_DUP4_farm10_field492_soybean_2022,Uruguay|soybean,3.2779622077941895,3.7868006107659413,3.754166235451036,3.758761320377263,3.740326073244379,3.4706390516330066,4.049962278945287,3.7850082308435082,3.8311346959412287
Uruguay_DUP4_farm10_field494_soybean_2022,Uruguay|soybean,3.261688470840454,3.2103984802377155,3.1193131154852063,3.240346142485828,3.1749461270781105,2.9797446394830622,3.503490774344672,3.2243137276277594,3.131204424602278
Uruguay_DUP4_farm10_field499_soybean_2022,Uruguay|soybean,2.7335948944091797,3.713982863855114,3.6925365819781195,3.5558961075293634,3.641670270781214,3.4307908971924626,4.199536884752918,3.7047782412316415,3.814435605958362
Uruguay_DUP4_farm10_field501_soybean_2022,Uruguay|soybean,3.887279510498047,2.675996279358384,2.7670399917672577,2.450770534428483,2.7642908050735793,2.392931317134125,3.0743374868641635,2.6571323290333564,2.736306915291152
Uruguay_DUP4_farm10_field507_soybean_2022,Uruguay|soybean,2.9458301067352295,3.281987495137823,3.197333721149929,3.1438866032694754,3.19103251172217,2.7464006171446793,3.2779449893867425,3.24235371661893,3.1748234017092294
Uruguay_DUP4_farm10_field509_soybean_2022,Uruguay|soybean,2.86220121383667,3.0472441279700226,3.0051389734194673,3.009761829068443,3.051942675638462,2.8810987075226326,3.1632109004826985,3.032759707046729,2.9563847055527788
Uruguay_DUP4_farm10_field519_soybean_2022,Uruguay|soybean,3.1937015056610107,3.603580221004543,3.4386109834075285,3.5303562097792565,3.5356194820857567,2.9532717883500803,3.634907288855108,3.594072658783369,3.640933456446037
Uruguay_DUP4_farm10_field545_soybean_2022,Uruguay|soybean,2.3786394596099854,2.822949841278755,2.6946795863099817,2.8130962181724817,2.8385891587250676,2.7736746805227925,3.0013425835530305,2.84422780845884,2.754423804491769
Uruguay_DUP4_farm10_field549_soybean_2022,Uruguay|soybean,3.952338933944702,2.425398716164348,2.1329163011512033,2.3005588371584826,2.5396971550972265,1.753940327459351,2.162062718543878,2.474636189436452,2.5873138088455017
Uruguay_DUP4_farm10_field550_soybean_2022,Uruguay|soybean,2.455794334411621,1.9839774628859215,1.9895490978689727,2.00235067645797,2.00249630865107,1.8326920467963714,1.769135555283508,1.9954746296544332,2.0384848998415963
Uruguay_DUP4_farm10_field554_soybean_2022,Uruguay|soybean,3.0977115631103516,3.81786305239842,3.6927424524003487,3.7046098080999146,3.8461303918953202,3.192597488564411,5.012643786895474,3.8189547611943095,3.744412222982485
Uruguay_DUP4_farm10_field566_soybean_2019,Uruguay|soybean,3.392350435256958,3.816670905111974,3.786739576541241,3.8377569680407886,3.832687858339374,3.8040967223129005,3.8931726622205476,3.8430850094781563,3.7734605799224648
Uruguay_DUP4_farm10_field572_soybean_2019,Uruguay|soybean,3.1449480056762695,2.857580836968433,2.056911923292057,2.823141997930308,2.8047796727485172,2.0983859818084287,3.113507389262904,2.9077188532052127,2.9026048905524497
Uruguay_DUP4_farm1_field3_soybean_2019,Uruguay|soybean,2.351896286010742,3.47188670987153,3.1153576323740024,3.628511179278898,3.5715142726243485,3.1344576693179764,4.793834655318594,3.488212968157791,3.443957692315101
Uruguay_DUP4_farm2_field11_soybean_2021,Uruguay|soybean,2.6270647048950195,2.475925543636247,2.5753088635742056,2.5540573865077714,2.3355906855653963,2.635602688137261,3.477407665285633,2.4321445241779918,2.410630365069423
Uruguay_DUP4_farm2_field12_soybean_2021,Uruguay|soybean,2.5545618534088135,2.1274191636356745,2.1033167814732368,2.0692808962222786,2.175211010259744,1.8849425562817421,2.7526822371276696,2.130227197130466,2.036575345011613
Uruguay_DUP4_farm2_field20_soybean_2021,Uruguay|soybean,2.225886821746826,2.095622631232107,2.0208411236284247,2.1455854074531437,2.135010547233305,2.0163633965358274,2.1257040515161894,2.1090452934280517,2.023206211711415
Uruguay_DUP4_farm2_field26_soybean_2019,Uruguay|soybean,2.9249823093414307,3.1538064556329712,2.490568222985974,3.3698300529256384,3.184583718517333,3.0650647364302177,3.4863719562518822,3.1712042298240224,3.096861321057675
Uruguay_DUP4_farm2_field27_soybean_2021,Uruguay|soybean,1.9300817251205444,2.272373459084673,2.364095931795226,2.4206417799833626,2.1990531398054727,2.6613855187156297,2.3664695255786015,2.2475286937339884,2.3332405338073086
Uruguay_DUP4_farm2_field31_soybean_2018,Uruguay|soybean,2.0568480491638184,1.5654141310022966,1.744122523532324,1.5115901975047659,1.4852675036853364,1.9008152837289847,2.1747840043088775,1.5140158484444104,1.5474492726188065
Uruguay_DUP4_farm2_field32_soybean_2018,Uruguay|soybean,0.8470730185508728,2.206568522289005,2.3761067693807005,2.099987385936151,2.2486959751951834,2.5234427626413507,2.8290055928742057,2.1831798173519887,2.158113827415233
Uruguay_DUP4_farm2_field33_soybean_2018,Uruguay|soybean,1.3993847370147705,1.9225040383754353,1.9333175150865114,1.7222844738998577,1.9681376553004841,1.7868839927312865,2.2587294271381966,1.8925883024044117,1.912765265671132
Uruguay_DUP4_farm2_field39_soybean_2018,Uruguay|soybean,4.97405481338501,1.9403625901878983,2.019868476463282,1.9104705155292407,1.9087052319665636,2.3378212666166176,2.041952218650959,1.9366081527477503,2.0103668897207614
Uruguay_DUP4_farm2_field8_soybean_2019,Uruguay|soybean,3.0108213424682617,3.395408516901959,3.1389636163965777,3.3408327114145178,3.4211959602359663,3.2606342835285878,3.815512730923319,3.359464580305153,3.236692672684873
Uruguay_DUP4_farm2_field9_soybean_2020,Uruguay|soybean,1.4275484085083008,1.751635375687509,1.5833603237833844,1.7623004042145698,1.7589529676552162,1.9323677769747312,2.0589457057152947,1.783287603333867,1.7638824596692444
Uruguay_DUP4_farm3_field63_soybean_2021,Uruguay|soybean,2.579521656036377,2.6275981579211662,2.5998166222212333,2.6438795051108506,2.6181657321458642,2.6308969992541655,2.726847263990071,2.612866304751222,2.6287164039963336
Uruguay_DUP4_farm3_field70_soybean_2019,Uruguay|soybean,3.797386646270752,2.8896312230915178,2.1603347361557406,2.970700047977126,2.964015915265965,2.6171088260693716,3.7654299861722453,2.977382653705095,2.8998102879128256
Uruguay_DUP4_farm3_field73_soybean_2019,Uruguay|soybean,3.78401780128479,2.8271778191154375,2.5752366824308175,2.8794371104706133,2.962786196954841,2.5616879638781382,2.7668600482605155,2.8464335052552543,2.7016331331835435
Uruguay_DUP4_farm4_field106_soybean_2018,Uruguay|soybean,1.0942317247390747,1.675709529953278,1.635317061523878,1.4821942429912052,1.7116497047356072,1.2752530201128538,2.078056590989453,1.6922668784686081,1.6565465697066637
Uruguay_DUP4_farm4_field117_soybean_2018,Uruguay|soybean,1.3852356672286987,1.6004817051732878,1.6063316125499356,1.4501869218287606,1.5811226639636238,1.515732082812306,1.687698536811932,1.6474137557430564,1.542403450416681
Uruguay_DUP4_farm4_field121_soybean_2018,Uruguay|soybean,0.9711331725120544,1.7839518171430195,1.7573424260042616,1.5295785225051168,1.804599880703708,1.6267320959625544,1.6380204967581609,1.8068548096138826,1.6768676712892212
Uruguay_DUP4_farm4_field123_soybean_2019,Uruguay|soybean,3.6124894618988037,3.0649940665711135,2.6614118234089164,3.2338766036607614,3.2256474394796424,2.8730081573786155,3.5923190297447674,3.1027959651611585,3.107216761022147
Uruguay_DUP4_farm4_field129_soybean_2019,Uruguay|soybean,4.022403717041016,2.302421100084361,2.0140309375092764,2.293987499107235,2.3672529937934104,1.8158051638755293,2.7660577208911032,2.3320013804142667,2.1724962664943037
Uruguay_DUP4_farm4_field132_soybean_2018,Uruguay|soybean,1.5064284801483154,1.5310653664172946,1.667949641121183,1.396636057522119,1.4808121777416963,1.5980315356136572,1.4979603828524537,1.5252560970556055,1.4943378711951332
Uruguay_DUP4_farm4_field148_soybean_2022,Uruguay|soybean,3.7745838165283203,3.1286162619236544,3.5094503029253845,2.9064279417736705,3.1842592435194126,3.127787719538218,3.2536498166747907,3.207605140517969,3.2336281485626177
Uruguay_DUP4_farm4_field152_soybean_2022,Uruguay|soybean,3.371297836303711,2.937663273786548,3.0654671421597612,2.433580088231324,2.965630217143189,2.868117516670159,2.966960945524977,3.0304190385788203,3.084359588925641
Uruguay_DUP4_farm4_field166_soybean_2019,Uruguay|soybean,3.933269739151001,3.582877662867892,3.3872000629385,3.620423621499568,3.5728168608311175,3.4271205191317584,4.031021509265986,3.6010460546241045,3.521507475171944
Uruguay_DUP4_farm4_field75_soybean_2019,Uruguay|soybean,4.676286220550537,3.485135920420249,3.1179323267406382,3.5869197279997116,3.504722533914509,3.33642031876874,4.3187694851769916,3.5084961508100743,3.518341199424566
Uruguay_DUP4_farm4_field76_soybean_2019,Uruguay|soybean,3.76745867729187,3.285809309141124,2.788454916244807,3.2963933647841976,3.1269839036688545,2.840824233181427,3.599284681430413,3.256192596942379,3.0873354427444952
Uruguay_DUP4_farm4_field80_soybean_2019,Uruguay|soybean,3.9741175174713135,3.559533943757904,3.3753418371143784,3.5960146820176844,3.598446349215031,3.2217743336606537,5.023894254992624,3.548226368005648,3.528479300539151
Uruguay_DUP4_farm4_field89_soybean_2021,Uruguay|soybean,1.9347290992736816,1.6844494976929414,1.6595027356860734,1.5351111444219439,1.6503257419110788,1.4035095245997942,1.8445146906662364,1.6964192332101795,1.704645563628021
Uruguay_DUP4_farm4_field91_soybean_2021,Uruguay|soybean,1.702459454536438,1.570277835492059,1.515172637105711,1.4669759932663529,1.5661365625980967,1.3141792461866455,1.925354016407518,1.586399872246341,1.606874049246271
Uruguay_DUP4_farm4_field94_soybean_2021,Uruguay|soybean,2.57528018951416,1.8429866493703475,1.8194880443535388,1.6236286429778597,1.8760949453153342,1.488029215586839,1.4774351475719087,1.8499342811661843,1.8750670817721822
Uruguay_DUP4_farm4_field98_soybean_2021,Uruguay|soybean,1.243234634399414,1.6285656719706052,1.5999407437633846,1.5977729689788123,1.6193269442690814,1.37966757506935,1.9077753656057954,1.6357829689537282,1.743341937600631
Uruguay_DUP4_farm6_field174_soybean_2019,Uruguay|soybean,2.2168068885803223,2.538667392987519,2.5803595223607316,2.4983973982801526,2.5041828417814913,2.4243345103841354,3.383218819964271,2.543071799933705,2.333903299542883
Uruguay_DUP4_farm7_field182_soybean_2020,Uruguay|soybean,3.28501033782959,3.1624873789823877,3.296716922190473,3.004729472156939,3.3010953789494466,3.44545168077575,3.314959869131169,3.140728770747261,3.13137834444887
Uruguay_DUP4_farm7_field188_soybean_2018,Uruguay|soybean,4.035690784454346,1.4703210529454447,1.5644370482577958,1.6212632738417834,1.4951195616518116,1.646238549615132,1.502307223532771,1.4743623595125936,1.4851786856476488
Uruguay_DUP4_farm7_field190_soybean_2018,Uruguay|soybean,1.6221749782562256,1.4652156118958266,1.4082216075422593,1.5643057760702104,1.4617992794989363,1.7387553858397014,1.43430515822276,1.4794691242644096,1.4868882664367769
Uruguay_DUP4_farm7_field194_soybean_2018,Uruguay|soybean,1.3293033838272095,1.5391278646527917,1.5129966556246859,1.6354397173199455,1.5880305305770055,1.591621785862683,1.5977262165186743,1.5464006428257782,1.48661510457825
Uruguay_DUP4_farm7_field197_soybean_2018,Uruguay|soybean,2.2386724948883057,1.8396548716598977,1.7091606039432787,1.9007636258847955,1.9204157904232662,1.9440528079017414,1.8128847958638006,1.856091555360441,1.7352635807458614
Uruguay_DUP4_farm7_field207_soybean_2018,Uruguay|soybean,1.8242532014846802,2.1684926565215634,2.492280996712853,2.2278292006106155,2.0226396788270833,2.5334027854190597,2.591801494943782,2.095998672045951,2.01613789567291
Uruguay_DUP4_farm7_field210_soybean_2018,Uruguay|soybean,1.7316771745681763,1.8870132727168967,2.112016893233287,1.637738244277545,1.9366288847298303,1.9331159688121407,1.7602520652201106,1.899526263401323,1.7349474115621666
Uruguay_DUP4_farm7_field212_soybean_2018,Uruguay|soybean,1.7255641222000122,1.489818521563617,1.44327065581118,1.4577137466257968,1.5076796822613039,1.3495675139087633,1.6487112199674736,1.515032608258947,1.3848053323329437
Uruguay_DUP4_farm7_field225_soybean_2019,Uruguay|soybean,4.352810859680176,3.5028132543463375,3.062476963117936,3.5043368747028767,3.5419550193806097,3.221689988770686,3.443960715969168,3.517836196007207,3.3792660953463036
Uruguay_DUP4_farm7_field226_soybean_2019,Uruguay|soybean,3.109001398086548,3.1022898852786613,2.6726002793492576,3.128769372932429,3.001843768567745,2.5573893816053657,3.136143686983748,3.082630987548797,3.002362714015529
Uruguay_DUP4_farm8_field243_soybean_2019,Uruguay|soybean,3.3115487098693848,3.7141765555121355,3.6611572035373188,3.7772608162278933,3.743854886824697,3.652114846227187,3.7369625530201183,3.7130926429309783,3.6431102352831104
Uruguay_DUP4_farm8_field245_soybean_2021,Uruguay|soybean,1.3890055418014526,2.1721488485461076,2.130897460621125,2.0137738543019057,2.4851040460187135,1.8824970368260123,1.9622761541484701,2.196933805827888,2.3248082160803034
Uruguay_DUP4_farm8_field252_soybean_2019,Uruguay|soybean,2.2136690616607666,2.5543479876644692,2.210464427752381,2.7802370013436657,2.38006098314797,2.153186225101821,3.568698510007861,2.5350958352712123,2.4075521543659923
Uruguay_DUP4_farm8_field254_soybean_2019,Uruguay|soybean,2.3891501426696777,2.1502094455547587,1.5120062503227314,2.141567619145204,2.2111203257687344,1.5942694804804054,2.486029364572166,2.156903955246515,2.050678908738761
Uruguay_DUP4_farm8_field257_soybean_2019,Uruguay|soybean,3.613403081893921,2.6048591468314495,2.253514847423297,2.6075838444795725,2.535541176562851,2.2708509302120343,3.533546933936295,2.612604264409055,2.5056164828053107
Uruguay_DUP4_farm8_field258_soybean_2019,Uruguay|soybean,3.1082310676574707,2.8772250655105864,2.6471833549099437,3.0339786945470024,2.7792567635619307,2.6870234238500705,4.1383742902948315,2.8674937981614455,2.8096716605049155
Uruguay_DUP4_farm9_field265_soybean_2019,Uruguay|soybean,2.1042425632476807,2.1177656280863406,2.0051899111471623,2.1472218762459505,2.0742341547014322,1.9595877606169978,2.2137647256712096,2.1040990604268153,2.0353842444126182
Uruguay_DUP4_farm9_field270_soybean_2018,Uruguay|soybean,3.5044057369232178,2.3628047906207126,2.50223594650284,2.4590862443434545,2.3279431710046983,2.974636954721449,2.4490264646076425,2.358186111169721,2.2478193948150387
Uruguay_DUP4_farm9_field271_soybean_2018,Uruguay|soybean,1.4167546033859253,2.1394817735632996,2.46374536276048,2.13304505272512,2.1370194259612587,2.6065604849694224,2.205788976749761,2.1334778056018107,2.083744517050733
Uruguay_DUP4_farm9_field277_soybean_2019,Uruguay|soybean,2.2958898544311523,2.135664918083684,1.7322226017671984,2.190962186643272,2.3518048444650486,1.7337804845831846,2.8660099899711726,2.1772464349655936,2.0288567848244075
Uruguay_DUP4_farm9_field287_soybean_2018,Uruguay|soybean,2.1983728408813477,2.1500112284284594,2.276478441303288,2.2271050893034428,2.17620342833022,2.193754540336523,2.6014093370962326,2.1698459583710794,2.0417655281396483
Uruguay_DUP4_farm9_field288_soybean_2018,Uruguay|soybean,2.7589340209960938,1.9175958226200214,1.8906551151624897,2.0798465465470684,1.9593406534344928,2.121573649020053,2.137640995360101,1.956038405106224,1.9690984430713332
