field_id,group,target,calendar_doy,acquisition_rank,normalized_season_fraction,gdd
Argentina_DUP1_farm14_field114_soybean_2022,Argentina|soybean,4.077847957611084,4.258667654657863,4.2011039009915825,4.234431858610204,3.9912571156730166
Argentina_DUP1_farm14_field117_corn_2023,Argentina|corn,7.169715881347656,5.869420271512563,5.663019859417696,5.568449679312492,5.466352299568344
Argentina_DUP1_farm15_field125_soybean_2018,Argentina|soybean,3.900073528289795,3.8700459645460747,3.9269951104624514,3.764096602522671,3.717604775096409
Argentina_DUP1_farm15_field135_soybean_2019,Argentina|soybean,3.92604660987854,4.395754972245722,4.287319827839944,4.198080158536912,4.076957803695914
Argentina_DUP1_farm15_field144_soybean_2020,Argentina|soybean,3.5069212913513184,2.8972061684141055,2.64525220335251,2.958253271133983,2.7131239980733013
Argentina_DUP1_farm15_field150_soybean_2021,Argentina|soybean,5.143073081970215,3.721613721225094,4.353560616157042,4.236426507870771,4.268148281091605
Argentina_DUP1_farm15_field154_soybean_2022,Argentina|soybean,5.319962501525879,4.495771937533426,4.447156738453172,4.575884518572999,4.556350956264333
Argentina_DUP1_farm16_field157_soybean_2023,Argentina|soybean,1.2494542598724365,2.530401583762825,2.3269062048300695,2.3363110048949167,2.2757287434016704
Argentina_DUP1_farm17_field168_soybean_2018,Argentina|soybean,1.223634123802185,2.742805726833883,3.134714564310997,3.26935816736417,3.1245767558832913
Argentina_DUP1_farm17_field169_soybean_2019,Argentina|soybean,4.524634838104248,4.286962342781014,3.8995823332841533,4.2134138274186235,4.187593617888047
Argentina_DUP1_farm17_field182_soybean_2019,Argentina|soybean,4.038310527801514,3.9230852997937067,4.036065806634174,4.053852572337565,4.1597055300258425
Argentina_DUP1_farm17_field183_soybean_2021,Argentina|soybean,2.280846118927002,3.658665063142583,3.7627670209933495,3.8275916033020105,3.639732015358441
Argentina_DUP1_farm17_field189_soybean_2021,Argentina|soybean,1.8797327280044556,3.4660087665308223,3.6269824884859942,3.814359115706982,3.7517621928510616
Argentina_DUP1_farm19_field196_soybean_2022,Argentina|soybean,5.2486891746521,4.509901906852339,4.576806569355617,4.576978957374475,4.4789733698523415
Argentina_DUP1_farm19_field197_corn_2022,Argentina|corn,12.48502254486084,9.921268603684602,10.085857362611211,10.349843599573187,10.378879649310832
Argentina_DUP1_farm19_field198_corn_2022,Argentina|corn,13.68151569366455,12.23276463087819,11.813299539992446,12.11906213784341,11.852264985594779
Argentina_DUP1_farm23_field218_soybean_2019,Argentina|soybean,2.855816602706909,4.045311568252134,4.019227232608472,3.803598595103267,3.9425533425199495
Argentina_DUP1_farm23_field231_soybean_2021,Argentina|soybean,4.768322944641113,2.6838918595231034,2.557994574197138,2.6704271479836854,2.787724822992848
Argentina_DUP1_farm24_field238_corn_2021,Argentina|corn,9.808682441711426,6.3819029006963826,6.989027142348823,6.723301112505092,6.714220713699927
Argentina_DUP1_farm25_field245_corn_2023,Argentina|corn,8.207260131835938,7.549638920819742,7.331088790586368,7.476858521274951,7.2422789015486115
Argentina_DUP1_farm25_field258_corn_2023,Argentina|corn,8.343838691711426,8.984476517070998,9.588576458466937,9.609840427597643,9.316446137231194
Argentina_DUP1_farm25_field260_corn_2023,Argentina|corn,6.742878437042236,6.665701170959581,7.733355968192074,7.54388045242207,7.3458854701044665
Argentina_DUP1_farm25_field263_soybean_2023,Argentina|soybean,1.6766700744628906,2.0641651962523113,2.2891564434304934,2.6928126924557434,2.641742709209503
Argentina_DUP1_farm25_field267_corn_2023,Argentina|corn,6.310557842254639,5.9268215230337695,6.108787652344661,6.0886859218315195,6.074150071054004
Argentina_DUP1_farm27_field275_soybean_2021,Argentina|soybean,3.8535122871398926,3.114024392449949,3.7273920654510024,3.6725682302179132,3.5183547948622054
Argentina_DUP1_farm27_field282_soybean_2021,Argentina|soybean,2.9482030868530273,3.551910226886502,3.23028438557555,3.173236873350727,3.1481842403912443
Argentina_DUP1_farm27_field292_soybean_2020,Argentina|soybean,4.491723537445068,3.570270429789363,3.635893782930869,3.4793941786171323,3.6476858851013954
Argentina_DUP1_farm27_field297_soybean_2020,Argentina|soybean,3.6583564281463623,3.9739959636597644,3.8260200875933226,3.6225052941481892,3.8860487444542997
Argentina_DUP1_farm27_field309_soybean_2021,Argentina|soybean,3.608588457107544,2.840020546167475,2.9218089522500303,2.9666727352265907,2.9630819462628084
Argentina_DUP1_farm29_field329_soybean_2023,Argentina|soybean,1.8735607862472534,3.3779909398880617,2.9497855513272304,2.9074590852481235,2.84776429124049
Argentina_DUP1_farm2_field18_corn_2022,Argentina|corn,11.46400260925293,12.089350847387962,11.599168889907126,11.857128302644785,11.7693108456079
Argentina_DUP1_farm2_field34_soybean_2023,Argentina|soybean,3.9179561138153076,4.465175694245639,4.370794336853801,4.475979336778784,4.530662964176416
Argentina_DUP1_farm2_field35_soybean_2023,Argentina|soybean,2.3820455074310303,3.906975502176204,3.7764326309129492,3.825936393625581,3.8419459562658367
Argentina_DUP1_farm2_field44_soybean_2023,Argentina|soybean,3.2150309085845947,3.8381166716839834,3.786925684851774,3.854046880850117,3.7535546303016125
Argentina_DUP1_farm2_field46_soybean_2023,Argentina|soybean,3.931553840637207,4.208242847684247,4.287896522312896,3.973505736186027,4.020057421654678
Argentina_DUP1_farm2_field48_corn_2024,Argentina|corn,6.928237438201904,11.31614359946894,7.105367400513615,7.180808450663694,7.657248984736102
Argentina_DUP1_farm32_field341_corn_2023,Argentina|corn,4.540485858917236,7.968870128542755,7.76731010122281,8.410794401877025,8.137976242420166
Argentina_DUP1_farm34_field343_soybean_2022,Argentina|soybean,4.658246994018555,4.280563964046536,4.13103378474283,4.314950556812608,4.2330838540595135
Argentina_DUP1_farm35_field347_soybean_2022,Argentina|soybean,2.554513692855835,3.1771840737075068,2.9136082182343053,3.178886292874492,3.1471116869472135
Argentina_DUP1_farm36_field358_corn_2021,Argentina|corn,7.103315353393555,6.9339215061672945,6.998245195190481,7.247121619987908,6.9435735013364654
Argentina_DUP1_farm36_field369_soybean_2022,Argentina|soybean,2.8406505584716797,3.232317185366755,3.3612365785176177,3.305362232699293,3.2647911817934077
Argentina_DUP1_farm36_field374_soybean_2022,Argentina|soybean,3.977745771408081,3.337500650043567,3.427089918608527,3.4504526266246907,3.4513933172618496
Argentina_DUP1_farm36_field390_corn_2022,Argentina|corn,6.56842041015625,7.975237287579762,7.405591056365703,7.344666533490005,7.526203946230266
Argentina_DUP1_farm36_field391_soybean_2022,Argentina|soybean,3.151064157485962,2.7536449792104136,2.9912777576673575,2.900628657246439,2.9691445260232303
Argentina_DUP1_farm37_field408_soybean_2020,Argentina|soybean,5.070003986358643,4.0058118108540075,3.960130630712006,4.214407454308313,4.2499835455171135
Argentina_DUP1_farm37_field411_soybean_2021,Argentina|soybean,1.6555449962615967,3.062301995978812,3.0074721132965276,3.03496504757396,3.046563072787385
Argentina_DUP1_farm37_field412_soybean_2021,Argentina|soybean,4.1647748947143555,3.04439667211302,2.894720321435423,2.985900330762762,2.9470095015158106
Argentina_DUP1_farm42_field440_soybean_2021,Argentina|soybean,3.405916452407837,3.9236351912076812,4.00961589357305,4.210204565306062,3.990046402903039
Argentina_DUP1_farm44_field449_wheat_2018,Argentina|wheat,3.2202141284942627,3.0555954640777725,3.012120426685715,3.1882199095459076,3.3354593028621142
Argentina_DUP1_farm44_field450_corn_2021,Argentina|corn,7.9806389808654785,6.441003359906352,6.606755252629041,6.694424681792306,6.4055296342969
Argentina_DUP1_farm44_field452_soybean_2020,Argentina|soybean,3.424290418624878,4.384134880337282,4.440980421507493,4.169244471340079,4.215137972169433
Argentina_DUP1_farm44_field461_wheat_2021,Argentina|wheat,3.349882125854492,1.9590215550210273,1.8708514137963972,2.0110931478626832,1.8408576824653617
Argentina_DUP1_farm44_field462_soybean_2020,Argentina|soybean,4.6820969581604,4.279839299540857,4.369750108235415,4.337032687119154,4.390781089409316
Argentina_DUP1_farm44_field473_corn_2021,Argentina|corn,11.483881950378418,6.458664401113674,6.816665592103604,6.600095138515407,6.544685862065474
Argentina_DUP1_farm44_field481_soybean_2019,Argentina|soybean,4.2340006828308105,4.269406221211145,4.1987808876441965,4.298185942626936,4.358116695696114
Argentina_DUP1_farm44_field484_soybean_2018,Argentina|soybean,4.172374248504639,3.4058302775912668,3.2783743643063663,3.406518397830965,3.4266229261294336
Argentina_DUP1_farm44_field496_soybean_2021,Argentina|soybean,1.9881240129470825,3.786697889623442,3.9895913415512765,3.996992474525255,3.8768861305631424
Argentina_DUP1_farm44_field500_soybean_2020,Argentina|soybean,3.447204351425171,4.283129039514886,4.384893145329392,4.327186374502447,4.447996618758539
Argentina_DUP1_farm44_field503_soybean_2018,Argentina|soybean,3.670666217803955,3.8787863469047954,3.82233453804296,3.8013554335037583,3.6925597214635144
Argentina_DUP1_farm44_field505_soybean_2021,Argentina|soybean,3.1494650840759277,2.898477657448865,2.90774585804272,3.172518300282363,3.0280521003631415
Argentina_DUP1_farm44_field506_soybean_2021,Argentina|soybean,2.557133436203003,2.862759875854985,2.8445952019395255,2.985308762456048,2.857331544046515
Argentina_DUP1_farm44_field508_soybean_2019,Argentina|soybean,3.796565532684326,4.119262714299819,4.151900950511473,4.133904050257558,3.9700068285054373
Argentina_DUP1_farm44_field510_soybean_2019,Argentina|soybean,3.9510750770568848,4.203911690934278,4.203117279835899,4.1188307898700245,4.230360162264393
Argentina_DUP1_farm44_field518_soybean_2020,Argentina|soybean,2.855581045150757,3.056515616775837,2.802244332412112,2.9083214465222142,2.779535818893309
Argentina_DUP1_farm44_field519_soybean_2020,Argentina|soybean,3.964035749435425,3.1117348046994144,3.7617717897857856,4.070122391850188,3.973541755503462
Argentina_DUP1_farm44_field536_soybean_2019,Argentina|soybean,4.50089168548584,4.1842526620989515,4.264228970564051,4.217133252231425,4.246200147334864
Argentina_DUP1_farm44_field547_soybean_2018,Argentina|soybean,2.847217559814453,2.996315932894788,2.9690104114760736,3.1071267570460748,2.8249652529228197
Argentina_DUP1_farm44_field557_corn_2018,Argentina|corn,4.47698974609375,6.2329667171449294,6.259015668682717,6.055112486597359,6.001257961377508
Argentina_DUP1_farm45_field589_corn_2020,Argentina|corn,12.453889846801758,11.334387035285133,11.364161459645725,11.637393627059154,11.560502776100599
Argentina_DUP1_farm45_field592_corn_2020,Argentina|corn,12.958222389221191,9.862596547178478,11.82209094775096,11.89764342879858,11.019099437040152
Argentina_DUP1_farm45_field596_corn_2020,Argentina|corn,12.130420684814453,11.439550630693644,11.65892379148278,11.847024204143024,11.595499063126175
Argentina_DUP1_farm45_field601_wheat_2019,Argentina|wheat,6.201404571533203,5.7171931913134975,5.699550541346401,5.506486500802525,5.8168527920152275
Argentina_DUP1_farm45_field603_wheat_2021,Argentina|wheat,7.786730766296387,6.101866925416392,5.297140440763201,5.710803584483435,5.662145441865284
Argentina_DUP1_farm45_field607_wheat_2020,Argentina|wheat,6.705805778503418,5.826415866195069,6.251480038854026,6.133449686402231,6.244394998452991
Argentina_DUP1_farm45_field618_wheat_2021,Argentina|wheat,6.5878376960754395,5.659990663418032,5.512816433809539,5.527997395665446,5.5917913095613825
Argentina_DUP1_farm45_field638_corn_2018,Argentina|corn,10.892257690429688,9.49425515205635,9.372949472716558,9.491226169839297,9.774160239286555
Argentina_DUP1_farm45_field647_corn_2023,Argentina|corn,2.9263737201690674,4.993503149143926,5.244573375743586,5.281057309937591,5.269600843134203
Argentina_DUP1_farm51_field668_soybean_2022,Argentina|soybean,1.4079108238220215,3.2293762089401667,3.167452250774665,3.1058681875412155,3.0758090700366942
Argentina_DUP1_farm51_field676_wheat_2021,Argentina|wheat,5.653107166290283,5.095545461734424,5.3272227434239525,5.2038731701735195,5.643591953335196
Argentina_DUP1_farm51_field680_corn_2022,Argentina|corn,9.317485809326172,9.334983110362002,10.74301127927624,10.63847048293889,11.058802439999107
Argentina_DUP1_farm51_field685_wheat_2022,Argentina|wheat,1.9370661973953247,2.6979780737956234,2.9642475389158065,2.9766796787202616,3.1226241603977973
Argentina_DUP1_farm52_field686_soybean_2020,Argentina|soybean,2.813114643096924,3.3374966798232455,3.275957888576873,3.457693943961208,3.4891972233496666
Argentina_DUP1_farm52_field697_soybean_2022,Argentina|soybean,4.865903377532959,2.9134059023448913,4.500927098320298,4.595543583869304,4.691765936943008
Argentina_DUP1_farm52_field706_soybean_2022,Argentina|soybean,5.757415771484375,4.641868104287678,4.906936605444143,4.867876941585685,4.91330283380724
Argentina_DUP1_farm52_field714_soybean_2021,Argentina|soybean,2.7373156547546387,3.449692921859132,2.921241468318958,3.023801307530079,2.9503378317330435
Argentina_DUP1_farm52_field717_soybean_2021,Argentina|soybean,4.156802654266357,4.342926283016464,4.468522124886685,4.36184969472651,4.35905620359986
Argentina_DUP1_farm52_field727_soybean_2021,Argentina|soybean,3.8810455799102783,3.8769544274512953,4.1315634290069285,4.050202645278859,4.1838549324924665
Argentina_DUP1_farm54_field733_wheat_2020,Argentina|wheat,2.2495839595794678,1.8424777021476886,1.7141284265316714,1.9940508154162786,1.9297432764235918
Argentina_DUP1_farm54_field735_soybean_2021,Argentina|soybean,0.7536706924438477,2.325818673653524,2.369418672431176,2.1710557672630744,2.305712606925043
Argentina_DUP1_farm54_field739_soybean_2018,Argentina|soybean,3.4476916790008545,3.737441003122473,3.743843361533708,3.7148678461236813,3.7142130872385763
Argentina_DUP1_farm54_field743_soybean_2020,Argentina|soybean,4.636996269226074,4.4225907842498895,4.308962706301875,4.362536909034993,4.521553998600835
Argentina_DUP1_farm55_field747_corn_2023,Argentina|corn,6.004730701446533,6.273831646414015,6.011908793257011,6.025650918695103,5.8632459136764075
Argentina_DUP1_farm56_field750_soybean_2023,Argentina|soybean,1.5359516143798828,3.091315737671205,2.949284703841933,2.9068572608430263,2.7786535339015384
Argentina_DUP1_farm5_field64_soybean_2024,Argentina|soybean,2.95475435256958,3.347822936491332,3.5407317834495964,3.531473409463171,3.5945087968824865
Argentina_DUP1_farm5_field65_corn_2024,Argentina|corn,11.944779396057129,11.475278007874968,11.417676115367295,11.340662364484963,11.643701404856586
Argentina_DUP1_farm6_field78_soybean_2023,Argentina|soybean,1.835261583328247,2.67339717313168,2.527103918501485,2.3880869275554293,2.489741390438703
Argentina_DUP1_farm7_field86_soybean_2024,Argentina|soybean,2.7664196491241455,3.6744574848096008,3.760570889218514,3.8020829124255235,4.070881324559743
Argentina_DUP1_farm9_field94_corn_2024,Argentina|corn,9.31701374053955,10.649603840679084,10.352555826385373,10.20963073504059,10.115339123728056
Brazil_DUP2_farm2_field15_wheat_2017,Brazil|wheat,3.5504167079925537,3.5837936147216007,3.6419312175496383,3.642958356368378,3.6793275548407323
Brazil_DUP2_farm2_field18_soybean_2019,Brazil|soybean,3.74405837059021,3.7075362845008994,3.6674923384525235,3.7024948733433,3.6073895990417673
Brazil_DUP2_farm2_field25_corn_2019,Brazil|corn,7.2953948974609375,7.539215113293528,7.398081094534115,7.54792566477537,7.515652796216706
Brazil_DUP2_farm2_field36_soybean_2022,Brazil|soybean,4.307104110717773,4.21774366014067,4.237989777235906,4.182575682841936,4.219655007459549
Brazil_DUP2_farm2_field38_soybean_2020,Brazil|soybean,4.140893936157227,4.405361726522568,4.358241314794836,4.455267596573179,4.540824838833031
Brazil_DUP2_farm2_field41_soybean_2019,Brazil|soybean,3.871553659439087,3.9788231549959012,4.004349321838826,3.8736790559404617,3.8940661668541123
Brazil_DUP2_farm2_field44_wheat_2020,Brazil|wheat,4.408825397491455,4.35817681361412,4.404786178170486,4.131639723324683,4.230947621493248
Brazil_DUP2_farm2_field46_corn_2023,Brazil|corn,8.691034317016602,7.303805766904263,7.117520920874155,7.421726088145184,7.692471268252891
Brazil_DUP2_farm2_field50_soybean_2024,Brazil|soybean,3.9796488285064697,4.072114275643206,4.00381473696151,4.226047090835803,4.17418599789635
Brazil_DUP2_farm4_field113_soybean_2023,Brazil|soybean,4.134476661682129,4.324916244549002,4.297485570010843,4.352900640203596,4.360404360472853
Brazil_DUP2_farm4_field129_corn_2024,Brazil|corn,4.312436580657959,6.052161041485424,5.877286481968571,6.226125699816317,6.140324708717525
Brazil_DUP2_farm4_field134_corn_2018,Brazil|corn,7.684322834014893,6.66684637576083,7.038066848786074,7.249705452693379,6.839713138186847
Brazil_DUP2_farm4_field67_soybean_2020,Brazil|soybean,4.458172798156738,4.362957700419093,4.415347433194814,4.402602922516719,4.427781615911638
Brazil_DUP2_farm4_field83_wheat_2020,Brazil|wheat,3.2220044136047363,3.6062770006319647,3.579306016772634,3.589473388568121,3.5603128452645283
Brazil_DUP2_farm4_field88_soybean_2019,Brazil|soybean,2.7837440967559814,3.5064623711745138,3.569324040025699,3.616314692419578,3.474703706931143
Brazil_DUP2_farm4_field95_soybean_2019,Brazil|soybean,2.6613800525665283,3.5056906156138874,3.4647371598704257,3.4388934335023755,3.6266126869499096
Brazil_DUP2_farm5_field146_corn_2023,Brazil|corn,7.280275821685791,6.893671895642536,6.763074989710243,6.554255114867331,6.808650136524681
Brazil_DUP2_farm5_field153_soybean_2018,Brazil|soybean,4.145542144775391,4.447849446644138,4.397899693339766,4.3890058485875185,4.320272005009944
Brazil_DUP2_farm5_field156_corn_2023,Brazil|corn,5.96615743637085,7.406969435532162,6.935948970831248,6.720279790779805,6.9918164970578145
Brazil_DUP2_farm5_field164_wheat_2018,Brazil|wheat,5.133892059326172,3.87385750069278,3.9598130174183193,4.078784515815084,3.9402286954941492
Brazil_DUP2_farm5_field167_wheat_2019,Brazil|wheat,3.5153419971466064,4.136119788151006,4.06874132021276,4.047475779998971,4.016208161669006
Brazil_DUP2_farm5_field177_soybean_2019,Brazil|soybean,3.472752332687378,3.3940073425430257,3.373500533233535,3.400930988798317,3.2903613492828025
Brazil_DUP2_farm5_field178_wheat_2021,Brazil|wheat,4.578473091125488,4.66196780219355,4.762217800693094,4.905623500966717,4.730543402585738
Brazil_DUP2_farm5_field184_soybean_2019,Brazil|soybean,2.2968311309814453,3.233838221585298,3.177305816091037,3.223590504217527,3.1130790893421816
Brazil_DUP2_farm5_field185_soybean_2021,Brazil|soybean,3.7659876346588135,4.042378643204417,4.104531379991849,4.176599982339526,4.17481006762122
Brazil_DUP2_farm5_field191_soybean_2024,Brazil|soybean,3.446136713027954,3.48107213958526,3.894921313506822,3.8176695255374735,3.8540428993372893
Brazil_DUP2_farm5_field195_corn_2019,Brazil|corn,7.561824798583984,6.759771193758272,6.883610884948079,6.8110286628527685,6.996115670394118
Brazil_DUP2_farm5_field218_soybean_2018,Brazil|soybean,4.720359802246094,4.3808365789450825,4.273355696490512,4.407865386490058,4.269832239127432
Brazil_DUP2_farm5_field234_soybean_2022,Brazil|soybean,3.153770923614502,3.3359447223784757,3.305343174378705,3.198780527618348,3.129314355766872
Brazil_DUP2_farm5_field238_soybean_2021,Brazil|soybean,4.45763635635376,4.388172297423342,4.400680992263308,4.411351607272892,4.309097037908043
Brazil_DUP2_farm5_field255_soybean_2019,Brazil|soybean,2.6488635540008545,3.2104835375606426,3.1594760364009624,3.1845679684733503,3.111112199030892
Brazil_DUP2_farm5_field273_corn_2020,Brazil|corn,9.866704940795898,6.032722654934372,6.48597857047038,6.285136306879028,6.695971398042446
Brazil_DUP2_farm5_field277_wheat_2018,Brazil|wheat,4.971075057983398,3.2983807259963425,3.316064810293437,3.3279869434340914,3.4130265341227544
Brazil_DUP2_farm5_field281_soybean_2024,Brazil|soybean,3.672234058380127,3.9072986676043304,4.140494490994468,4.147499280161404,4.177803005717912
Brazil_DUP2_farm6_field293_wheat_2021,Brazil|wheat,5.280581951141357,4.644481929878985,4.862890714328794,4.734913694306952,4.806516973455824
Brazil_DUP2_farm6_field301_wheat_2021,Brazil|wheat,4.109171390533447,4.313724924340269,3.962105184897313,4.751638047839179,4.469959502674042
Brazil_DUP2_farm6_field302_soybean_2018,Brazil|soybean,4.501225471496582,4.308222553525291,4.025012709078119,4.226447403975711,4.196359184627231
Brazil_DUP2_farm6_field305_soybean_2023,Brazil|soybean,3.9402313232421875,4.548149942206096,4.285035798901052,4.27618217184345,4.2185092375297275
Brazil_DUP2_farm6_field317_soybean_2018,Brazil|soybean,4.2405924797058105,4.160399857915354,4.0604077613411125,4.037802806889637,4.015865006242509
Brazil_DUP2_farm6_field318_soybean_2019,Brazil|soybean,3.2935357093811035,3.2871426004135555,3.2003064745415206,3.143812531870961,3.2898701480684935
Brazil_DUP2_farm6_field319_corn_2024,Brazil|corn,5.417327880859375,6.472886660176478,6.614550573826166,6.16855691836506,5.962977327312286
Brazil_DUP2_farm6_field325_wheat_2018,Brazil|wheat,2.8940229415893555,2.9152882891440814,2.849371615948196,2.865954908801624,2.8015673513605672
Brazil_DUP2_farm6_field331_wheat_2019,Brazil|wheat,4.073089122772217,3.9658956254028515,3.838007814084305,3.856265264826944,3.688787491505015
Brazil_DUP2_farm6_field332_soybean_2020,Brazil|soybean,4.528463840484619,4.215987703196399,4.243119931140486,4.273120799572965,4.220376376062701
Brazil_DUP2_farm6_field334_soybean_2020,Brazil|soybean,3.682724714279175,4.006647755200408,4.097810908428153,4.047934238804777,4.1145927879436694
Brazil_DUP2_farm6_field336_soybean_2018,Brazil|soybean,4.660524845123291,4.300376072456395,4.374990286165812,4.366624506788218,4.2969469029881076
Brazil_DUP2_farm6_field343_soybean_2017,Brazil|soybean,5.014899730682373,4.363301871029929,4.453658500107629,4.52566852000701,4.563625239184588
Brazil_DUP2_farm6_field347_corn_2019,Brazil|corn,6.527939319610596,6.005276112923628,6.326003126558323,6.277899033541764,6.152917896161275
Brazil_DUP2_farm6_field354_soybean_2022,Brazil|soybean,4.1620683670043945,4.289985404388123,4.230715839093803,4.260296090134581,4.2495970602712365
Brazil_DUP2_farm6_field358_corn_2024,Brazil|corn,7.944735050201416,6.969190791388844,6.665960462764564,6.611834223416895,6.682407349494663
Brazil_DUP2_farm6_field361_soybean_2021,Brazil|soybean,4.1926679611206055,4.096618884735875,4.119863735906679,4.044328613963962,4.05756824846816
Brazil_DUP2_farm6_field371_soybean_2023,Brazil|soybean,3.2868411540985107,4.115820207018908,4.21907091907357,4.068934860578584,4.180777045713238
Brazil_DUP2_farm6_field372_corn_2020,Brazil|corn,10.143900871276855,8.52903211166747,8.78077876133778,8.621499291779877,8.24156806891568
Brazil_DUP2_farm6_field373_corn_2019,Brazil|corn,7.1012959480285645,6.167471736645207,6.517531769051399,6.0701498598094155,6.013485933210975
Brazil_DUP2_farm6_field377_soybean_2021,Brazil|soybean,4.079043388366699,4.203834383855179,4.191317326708987,4.172897121528699,4.1942049892587585
Brazil_DUP2_farm6_field382_wheat_2019,Brazil|wheat,3.7733302116394043,4.044203898110549,4.099578334718902,4.036653093074253,3.8897532717040515
Brazil_DUP2_farm6_field385_soybean_2023,Brazil|soybean,4.831797122955322,4.455306297104103,4.1840635473746595,4.213502010891753,3.950779344878825
Brazil_DUP2_farm6_field390_wheat_2022,Brazil|wheat,3.507200241088867,3.6254853267074347,3.7666537635115893,3.7953203568820526,3.588003768581011
Brazil_DUP2_farm6_field392_soybean_2019,Brazil|soybean,3.5063679218292236,3.7622225113646652,3.5682050715766955,3.621306874332882,3.5459945904673695
Brazil_DUP2_farm6_field398_soybean_2019,Brazil|soybean,4.125811576843262,3.9493411244507906,3.454212753570763,3.660500778526231,3.502337900132238
Brazil_DUP2_farm6_field402_corn_2020,Brazil|corn,5.578191757202148,7.998920864521162,7.7221682994700345,8.264877154625312,7.8094801532582165
Brazil_DUP2_farm6_field405_wheat_2018,Brazil|wheat,5.12394380569458,4.061802983727585,4.10013998836526,4.231244452980438,4.124460636381194
Brazil_DUP2_farm6_field408_corn_2019,Brazil|corn,6.854948043823242,6.2417951734224575,6.338812679365869,6.3344905557567115,6.15457118154764
Brazil_DUP2_farm6_field413_soybean_2018,Brazil|soybean,4.2945685386657715,4.0441771104367685,4.242358809198892,4.219218281948174,4.097793651845883
Brazil_DUP2_farm6_field416_corn_2023,Brazil|corn,2.661848783493042,4.713837523229283,4.419061823618479,4.274216916082784,4.441294636339053
Brazil_DUP2_farm6_field419_soybean_2021,Brazil|soybean,4.081830978393555,4.00114385107284,4.068162949562985,3.9680483999267206,4.009311393738781
Brazil_DUP2_farm6_field424_soybean_2021,Brazil|soybean,4.107974052429199,4.198725682107983,4.134183899483478,4.164752623965909,4.150999422715099
Brazil_DUP2_farm6_field442_corn_2020,Brazil|corn,5.412701606750488,6.718278031962031,6.436380750101292,6.702729721575796,6.475892312661007
Brazil_DUP2_farm6_field446_corn_2017,Brazil|corn,7.504764556884766,6.992467270769959,6.972119722708233,6.73215808299127,6.881792173862222
Brazil_DUP2_farm6_field457_soybean_2018,Brazil|soybean,4.795234680175781,4.325424310922312,4.337932354052582,4.374312244937215,4.344756899323409
Brazil_DUP2_farm6_field458_corn_2024,Brazil|corn,6.387229919433594,6.4736976375719175,6.286185483258788,6.202221815491899,6.164187557712713
Brazil_DUP2_farm6_field460_wheat_2022,Brazil|wheat,3.684356212615967,3.831800370489062,3.888774039277638,3.87974103218654,3.8511154259092866
Brazil_DUP2_farm6_field472_soybean_2021,Brazil|soybean,3.885075092315674,4.17731734302702,4.18743851801578,4.145663505776029,4.1214410841556735
Brazil_DUP2_farm7_field479_soybean_2018,Brazil|soybean,2.7960479259490967,3.8782399018258613,3.648546230352302,3.6583012507073778,3.7742045267914315
Brazil_DUP2_farm7_field482_soybean_2019,Brazil|soybean,2.4720380306243896,4.0286722878762795,4.043625365615395,3.969285308024098,3.8915174226907543
Brazil_DUP2_farm7_field484_soybean_2017,Brazil|soybean,3.841712236404419,3.7851808225612555,3.6472476027644976,3.7100539504345145,3.646799021566044
Brazil_DUP2_farm7_field486_soybean_2019,Brazil|soybean,2.5930209159851074,4.034919315329951,4.042035276583083,3.9410971100270054,3.8963499997083533
Brazil_DUP2_farm7_field487_soybean_2019,Brazil|soybean,2.331937789916992,3.860805482424538,3.6770544931104236,3.6310054957056597,3.6984303498776905
Brazil_DUP2_farm9_field502_soybean_2022,Brazil|soybean,4.081422328948975,4.167676027073089,4.194654827027275,4.224081637284792,4.188107871874793
Brazil_DUP2_farm9_field510_wheat_2020,Brazil|wheat,3.1211400032043457,3.5535581686758455,3.5708867426360342,3.5751031593499403,3.517958713215273
Brazil_DUP2_farm9_field514_soybean_2018,Brazil|soybean,4.365799427032471,4.302084804231788,4.242844406587541,4.288685533167319,4.2237180588922785
Brazil_DUP2_farm9_field519_corn_2023,Brazil|corn,7.775006294250488,7.388618498991038,6.940167185155506,7.421198991805426,7.290381594826215
Brazil_DUP2_farm9_field528_wheat_2023,Brazil|wheat,2.8958580493927,3.08611013318133,3.195430324453324,3.1980681030671194,3.089036775158884
Brazil_DUP2_farm9_field545_soybean_2019,Brazil|soybean,3.7210769653320312,3.5086696647790534,3.5419639409152994,3.359915255461077,3.6988968941040405
Germany_DUP3_farm1_field10_wheat_2016,Germany|wheat,9.957723617553711,9.5574496428467,9.606907056600189,9.426248351084743,9.55169284316145
Germany_DUP3_farm1_field22_rapeseed_2016,Germany|rapeseed,5.980362415313721,4.54160173524154,4.1516565044944045,4.353949367351949,4.2925847536252295
Germany_DUP3_farm1_field24_rapeseed_2017,Germany|rapeseed,6.159890174865723,4.541555476141623,4.4307152961356175,4.2933895766290675,4.497773979433418
Germany_DUP3_farm1_field2_wheat_2016,Germany|wheat,11.239669799804688,9.53871274370094,9.270916127870983,9.311051928075816,9.184990332113767
Germany_DUP3_farm1_field30_wheat_2017,Germany|wheat,11.840201377868652,10.277596245752145,10.108060690794506,9.912607087518918,10.587294275604853
Germany_DUP3_farm1_field33_wheat_2016,Germany|wheat,8.857559204101562,8.957602433328159,8.418873113445162,8.623851247594429,8.829334683749359
Germany_DUP3_farm1_field34_wheat_2017,Germany|wheat,14.349177360534668,10.668721051185988,10.172381924680213,10.592317006566695,11.05260392259018
Germany_DUP3_farm1_field36_wheat_2017,Germany|wheat,13.383131980895996,11.207354712468224,10.50843722710632,10.488432539878506,10.96851060946032
Germany_DUP3_farm1_field39_wheat_2019,Germany|wheat,8.287920951843262,8.969864980423582,9.129282351142502,9.060788796404918,9.05805705349524
Germany_DUP3_farm1_field42_wheat_2019,Germany|wheat,10.541364669799805,9.842796412139396,10.133850569806716,9.925865766624563,10.351261207040718
Germany_DUP3_farm1_field43_wheat_2016,Germany|wheat,12.243258476257324,9.729693365312112,8.617314985689077,9.41074093091147,9.230662198301195
Germany_DUP3_farm1_field46_wheat_2019,Germany|wheat,9.841507911682129,9.040397782718452,9.121244485305013,9.09665424761558,10.155315586278467
Germany_DUP3_farm1_field4_rapeseed_2016,Germany|rapeseed,4.564465522766113,4.83098822751079,4.759824215285838,4.86699220887195,4.791467285500691
Germany_DUP3_farm1_field61_wheat_2019,Germany|wheat,8.98876953125,9.603998479536914,9.084709492700785,8.977798674315016,9.177054296278941
Germany_DUP3_farm1_field62_wheat_2019,Germany|wheat,8.745471000671387,9.74661225379402,9.332130284527894,9.182229092029997,9.715233521035897
Germany_DUP3_farm1_field8_rapeseed_2016,Germany|rapeseed,4.611868858337402,4.791511637652649,4.844365166935563,4.967752305760184,4.813051996337253
Germany_DUP3_farm2_field129_wheat_2021,Germany|wheat,9.400776863098145,9.47794147874162,9.394376675154007,9.272309371790328,9.865433835884982
Germany_DUP3_farm2_field143_wheat_2016,Germany|wheat,13.214431762695312,10.822138825513765,10.663156315599352,10.178059861371477,10.059086008261767
Germany_DUP3_farm2_field146_rapeseed_2021,Germany|rapeseed,5.823606967926025,5.063190805190169,5.371327310077262,5.369532862414831,5.196394283671196
Germany_DUP3_farm2_field158_wheat_2018,Germany|wheat,7.912439823150635,9.952869542177211,10.164465597769935,10.122385943322426,9.582070243500828
Germany_DUP3_farm2_field165_wheat_2019,Germany|wheat,9.81688117980957,9.805218565628328,9.926588340677554,9.831485463068326,9.70051779152703
Germany_DUP3_farm2_field166_wheat_2020,Germany|wheat,10.155292510986328,9.542451786969202,9.782228237145096,9.577046224108859,9.68608801941896
Germany_DUP3_farm2_field173_rapeseed_2020,Germany|rapeseed,6.68973970413208,5.589535983371469,5.480970150920452,6.046921186716279,5.962296943332127
Germany_DUP3_farm2_field175_wheat_2021,Germany|wheat,8.070727348327637,9.8990527079044,10.045249341984382,10.169316701379403,9.328637640608333
Germany_DUP3_farm2_field181_wheat_2017,Germany|wheat,8.252382278442383,9.863834585746439,10.17831244690093,10.301834999809346,9.518907265601449
Germany_DUP3_farm2_field187_wheat_2017,Germany|wheat,10.516670227050781,10.298949929843037,10.256636530654745,10.508354098867725,10.304224988210095
Germany_DUP3_farm2_field188_wheat_2017,Germany|wheat,10.036564826965332,10.188464134607676,10.10820476137936,10.28656866401077,10.228149173767004
Germany_DUP3_farm2_field199_rapeseed_2022,Germany|rapeseed,4.540452480316162,4.743277323551666,4.424811293054256,4.751227939458027,4.672652561826252
Germany_DUP3_farm2_field204_wheat_2022,Germany|wheat,9.003789901733398,9.483403397949294,8.94769346769481,8.99013315747167,9.578254772507838
Germany_DUP3_farm2_field212_wheat_2022,Germany|wheat,7.30798864364624,9.719977789991049,9.08711354042731,9.404220714379926,9.011199710881513
Germany_DUP3_farm2_field77_wheat_2021,Germany|wheat,8.754390716552734,9.415773399888106,9.516373286307237,9.620114584055875,9.544095145599476
Germany_DUP3_farm3_field227_wheat_2019,Germany|wheat,4.91508674621582,8.70565111226123,8.302805277560012,8.722011467383746,8.17802346057832
Germany_DUP3_farm3_field230_rapeseed_2020,Germany|rapeseed,3.5180726051330566,3.6238648847625536,3.463824946035489,3.646626535138858,3.604111970632339
Germany_DUP3_farm3_field236_rapeseed_2017,Germany|rapeseed,2.8401525020599365,3.965713342398664,4.256768336409674,4.025855708279384,4.457729989940696
Germany_DUP3_farm3_field240_rapeseed_2018,Germany|rapeseed,3.135594606399536,4.184315553861015,3.8449771212332777,4.182701479586398,3.874683939071975
Germany_DUP3_farm4_field244_wheat_2019,Germany|wheat,7.964092254638672,9.777759038445133,9.891078281335709,9.825309705415876,10.136457484148863
Germany_DUP3_farm4_field252_wheat_2020,Germany|wheat,8.948681831359863,9.38327654554485,10.018464428713758,9.926870193082621,9.810713396714624
Germany_DUP3_farm4_field254_rapeseed_2016,Germany|rapeseed,4.692387580871582,4.939628296730156,4.643936347704462,4.850357643486143,4.335557135127479
Germany_DUP3_farm4_field256_rapeseed_2017,Germany|rapeseed,2.44274640083313,4.209062304475652,4.156158184486248,4.196236503033916,4.617119368372287
Germany_DUP3_farm4_field259_rapeseed_2017,Germany|rapeseed,4.868704795837402,4.438527229567676,4.303826402685854,4.438150248178797,4.5617320381947275
Germany_DUP3_farm5_field268_wheat_2017,Germany|wheat,10.005956649780273,8.640806576541323,9.50231738321486,9.881526292148422,9.189030777065053
Germany_DUP3_farm5_field271_rapeseed_2017,Germany|rapeseed,1.0973284244537354,4.072476623676212,4.742174141921398,4.327480476883726,4.712562677041755
Germany_DUP3_farm6_field284_rapeseed_2020,Germany|rapeseed,3.4589855670928955,3.989915709724266,4.13880809757391,4.042391133367505,4.296196680510444
Uruguay_DUP4_farm10_field309_soybean_2019,Uruguay|soybean,3.8736040592193604,3.690258696178462,3.69161013151521,3.6915830225954975,3.733020738512785
Uruguay_DUP4_farm10_field319_soybean_2019,Uruguay|soybean,4.398415565490723,3.9122555030740576,3.756794747772261,3.749700912138536,3.753263871220058
Uruguay_DUP4_farm10_field329_soybean_2020,Uruguay|soybean,2.9296987056732178,1.946077049666545,2.5656483177184986,2.454542353934678,2.4063690907173076
Uruguay_DUP4_farm10_field333_soybean_2021,Uruguay|soybean,2.409923791885376,2.0992353495229845,2.2838800769639667,2.3431519253827324,2.273320978043314
Uruguay_DUP4_farm10_field350_soybean_2021,Uruguay|soybean,1.7333228588104248,2.400394289760668,2.3072018749563563,2.3474463272036385,2.3349070893445716
Uruguay_DUP4_farm10_field358_soybean_2021,Uruguay|soybean,2.3653085231781006,2.133559654895862,2.515420223340954,2.4920114480326583,2.449754165730235
Uruguay_DUP4_farm10_field369_soybean_2018,Uruguay|soybean,1.1631176471710205,1.339693495874244,1.3660718653875026,1.3167499868560744,1.3553181204020002
Uruguay_DUP4_farm10_field372_soybean_2018,Uruguay|soybean,0.8646675944328308,1.252258559789434,1.2345426648403734,1.2804939380823213,1.2528630288905125
Uruguay_DUP4_farm10_field390_soybean_2018,Uruguay|soybean,3.5092477798461914,2.4636934520188136,2.4324917614152413,2.347409398951222,2.511321315956445
Uruguay_DUP4_farm10_field394_soybean_2018,Uruguay|soybean,1.339213252067566,1.3018503677299125,1.2506222384975392,1.2704998445275137,1.300800180516569
Uruguay_DUP4_farm10_field399_soybean_2018,Uruguay|soybean,1.3458727598190308,1.2317715888579137,1.245846458917658,1.2871608646828405,1.1987653681191566
Uruguay_DUP4_farm10_field408_soybean_2018,Uruguay|soybean,1.6810129880905151,1.6135350059387323,1.5162962644838913,1.5206724474383704,1.4568291879380006
Uruguay_DUP4_farm10_field409_soybean_2018,Uruguay|soybean,1.8256875276565552,1.5194713229067112,1.6003621213445816,1.5720892071596344,1.5112299696208926
Uruguay_DUP4_farm10_field418_soybean_2018,Uruguay|soybean,1.3720719814300537,1.4610764653907267,1.3988989442957456,1.392499215083948,1.3820491692625891
Uruguay_DUP4_farm10_field419_soybean_2018,Uruguay|soybean,1.1247838735580444,1.588040781084903,1.5103596469889133,1.5248649924550515,1.4827453706140379
Uruguay_DUP4_farm10_field421_soybean_2018,Uruguay|soybean,1.3511348962783813,1.6429758988979808,1.6712764842128494,1.6291648409870871,1.6872561267145851
Uruguay_DUP4_farm10_field425_soybean_2018,Uruguay|soybean,0.7332263588905334,1.2556548878548235,1.2935626886539917,1.331568586285335,1.2725335977642636
Uruguay_DUP4_farm10_field430_soybean_2018,Uruguay|soybean,1.473268985748291,1.3558662011951454,1.2812193693702612,1.3342625001889636,1.3246658556618245
Uruguay_DUP4_farm10_field437_soybean_2018,Uruguay|soybean,3.446382761001587,1.340364730226947,1.3808268954954277,1.4064593828393777,1.3944044305090222
Uruguay_DUP4_farm10_field454_soybean_2018,Uruguay|soybean,1.909615159034729,2.3061473589870687,2.3160430138807455,2.2277414091688335,2.2782058585227087
Uruguay_DUP4_farm10_field458_soybean_2018,Uruguay|soybean,1.497491717338562,1.0297153033954312,1.1256567038539242,1.1117643061717177,1.0891463587074717
Uruguay_DUP4_farm10_field461_soybean_2018,Uruguay|soybean,1.1287587881088257,1.2932715111158448,1.338567584528093,1.3002747339609702,1.3101894606474973
Uruguay_DUP4_farm10_field467_soybean_2018,Uruguay|soybean,2.1153945922851562,1.8973899985168172,1.9886963991084854,1.9865158152513385,2.031268335034272
Uruguay_DUP4_farm10_field486_soybean_2022,Uruguay|soybean,3.1260085105895996,2.9246513570938895,2.803574032533855,2.9822279733257226,2.9972757872482414
Uruguay_DUP4_farm10_field492_soybean_2022,Uruguay|soybean,3.2779622077941895,3.8520245243522426,3.8311346959412287,3.7303329563919214,3.7868006107659404
Uruguay_DUP4_farm10_field494_soybean_2022,Uruguay|soybean,3.261688470840454,3.4235989240421993,3.131204424602278,3.249005771261764,3.2103984802377155
Uruguay_DUP4_farm10_field499_soybean_2022,Uruguay|soybean,2.7335948944091797,3.813812664617278,3.814435605958362,3.682361609983228,3.7139828638551133
Uruguay_DUP4_farm10_field501_soybean_2022,Uruguay|soybean,3.887279510498047,2.6785345330120203,2.736306915291152,2.531869308725692,2.675996279358384
Uruguay_DUP4_farm10_field507_soybean_2022,Uruguay|soybean,2.9458301067352295,3.227107850142026,3.1748234017092294,3.2122276436066013,3.281987495137823
Uruguay_DUP4_farm10_field509_soybean_2022,Uruguay|soybean,2.86220121383667,3.0165110720081474,2.9563847055527788,2.950411312379601,3.0472441279700226
Uruguay_DUP4_farm10_field519_soybean_2022,Uruguay|soybean,3.1937015056610107,3.6689637960486277,3.640933456446037,3.6200613478988943,3.603580221004543
Uruguay_DUP4_farm10_field545_soybean_2022,Uruguay|soybean,2.3786394596099854,2.7178602884575147,2.754423804491769,2.70617556782858,2.822949841278755
Uruguay_DUP4_farm10_field549_soybean_2022,Uruguay|soybean,3.952338933944702,2.317782928649808,2.587313808845501,2.532116866800018,2.425398716164348
Uruguay_DUP4_farm10_field550_soybean_2022,Uruguay|soybean,2.455794334411621,1.9096941418928624,2.0384848998415963,2.0642312356005097,1.9839774628859215
Uruguay_DUP4_farm10_field554_soybean_2022,Uruguay|soybean,3.0977115631103516,3.7445639352085944,3.744412222982485,3.7581401110625903,3.81786305239842
Uruguay_DUP4_farm10_field566_soybean_2019,Uruguay|soybean,3.392350435256958,3.876094610012178,3.7734605799224648,3.859160484499462,3.816670905111974
Uruguay_DUP4_farm10_field572_soybean_2019,Uruguay|soybean,3.1449480056762695,2.826961921179049,2.9026048905524497,2.9010370225797093,2.857580836968433
Uruguay_DUP4_farm1_field3_soybean_2019,Uruguay|soybean,2.351896286010742,3.3875442028091687,3.443957692315101,3.4863206121131074,3.47188670987153
Uruguay_DUP4_farm2_field11_soybean_2021,Uruguay|soybean,2.6270647048950195,2.5639844917436507,2.410630365069423,2.4074768554779102,2.475925543636247
Uruguay_DUP4_farm2_field12_soybean_2021,Uruguay|soybean,2.5545618534088135,2.053659174238617,2.036575345011613,2.1445538129160533,2.1274191636356745
Uruguay_DUP4_farm2_field20_soybean_2021,Uruguay|soybean,2.225886821746826,2.0544744843252443,2.023206211711415,2.0674195520359158,2.095622631232107
Uruguay_DUP4_farm2_field26_soybean_2019,Uruguay|soybean,2.9249823093414307,3.12567089746038,3.096861321057675,3.1822177267862397,3.153806455632971
Uruguay_DUP4_farm2_field27_soybean_2021,Uruguay|soybean,1.9300817251205444,2.203095095281494,2.3332405338073086,2.270416333999173,2.272373459084673
Uruguay_DUP4_farm2_field31_soybean_2018,Uruguay|soybean,2.0568480491638184,1.67652060382603,1.5474492726188063,1.660514874294125,1.5654141310022966
Uruguay_DUP4_farm2_field32_soybean_2018,Uruguay|soybean,0.8470730185508728,2.2465774607187727,2.158113827415233,2.189941472203023,2.206568522289005
Uruguay_DUP4_farm2_field33_soybean_2018,Uruguay|soybean,1.3993847370147705,1.9881567564193017,1.9127652656711318,1.9113919248847826,1.9225040383754355
Uruguay_DUP4_farm2_field39_soybean_2018,Uruguay|soybean,4.97405481338501,1.9387279655460719,2.0103668897207614,2.101955232460401,1.940362590187898
Uruguay_DUP4_farm2_field8_soybean_2019,Uruguay|soybean,3.0108213424682617,3.3402999287667545,3.236692672684873,3.315118499726861,3.3954085169019588
Uruguay_DUP4_farm2_field9_soybean_2020,Uruguay|soybean,1.4275484085083008,1.7241180198994766,1.7638824596692446,1.8229462498510811,1.751635375687509
Uruguay_DUP4_farm3_field63_soybean_2021,Uruguay|soybean,2.579521656036377,2.825193014083318,2.6287164039963336,2.7152535725058997,2.6275981579211662
Uruguay_DUP4_farm3_field70_soybean_2019,Uruguay|soybean,3.797386646270752,2.9281132863161883,2.8998102879128256,2.805942373928479,2.8896312230915173
Uruguay_DUP4_farm3_field73_soybean_2019,Uruguay|soybean,3.78401780128479,2.581570974370324,2.7016331331835435,2.78645674651882,2.8271778191154375
Uruguay_DUP4_farm4_field106_soybean_2018,Uruguay|soybean,1.0942317247390747,1.6415649564477248,1.6565465697066637,1.6953882109064868,1.675709529953278
Uruguay_DUP4_farm4_field117_soybean_2018,Uruguay|soybean,1.3852356672286987,1.6521884436850531,1.542403450416681,1.6587422222617967,1.6004817051732878
Uruguay_DUP4_farm4_field121_soybean_2018,Uruguay|soybean,0.9711331725120544,1.7512371843533114,1.676867671289221,1.7751535956162607,1.7839518171430195
Uruguay_DUP4_farm4_field123_soybean_2019,Uruguay|soybean,3.6124894618988037,3.2504212252668157,3.107216761022147,3.203027936750375,3.0649940665711135
Uruguay_DUP4_farm4_field129_soybean_2019,Uruguay|soybean,4.022403717041016,2.4231222213110004,2.1724962664943037,2.228188755436273,2.302421100084361
Uruguay_DUP4_farm4_field132_soybean_2018,Uruguay|soybean,1.5064284801483154,1.3488470315444714,1.4943378711951327,1.4553858964739081,1.5310653664172942
Uruguay_DUP4_farm4_field148_soybean_2022,Uruguay|soybean,3.7745838165283203,3.178339893070489,3.2336281485626177,3.159477779683105,3.128616261923654
Uruguay_DUP4_farm4_field152_soybean_2022,Uruguay|soybean,3.371297836303711,3.0639898641357166,3.0843595889256408,3.0532991345749814,2.937663273786548
Uruguay_DUP4_farm4_field166_soybean_2019,Uruguay|soybean,3.933269739151001,3.4296192169096695,3.521507475171944,3.4812882101585996,3.582877662867892
Uruguay_DUP4_farm4_field75_soybean_2019,Uruguay|soybean,4.676286220550537,3.517372255594756,3.518341199424566,3.543109955432887,3.485135920420249
Uruguay_DUP4_farm4_field76_soybean_2019,Uruguay|soybean,3.76745867729187,3.2018838314966174,3.0873354427444952,3.1640114474382792,3.285809309141124
Uruguay_DUP4_farm4_field80_soybean_2019,Uruguay|soybean,3.9741175174713135,3.69434516924516,3.5284793005391513,3.5382573793652004,3.559533943757904
Uruguay_DUP4_farm4_field89_soybean_2021,Uruguay|soybean,1.9347290992736816,1.6681234263679476,1.7046455636280209,1.7438130402774499,1.6844494976929414
Uruguay_DUP4_farm4_field91_soybean_2021,Uruguay|soybean,1.702459454536438,1.6995824513612077,1.606874049246271,1.6705574162527674,1.570277835492059
Uruguay_DUP4_farm4_field94_soybean_2021,Uruguay|soybean,2.57528018951416,1.821293394948277,1.8750670817721822,1.8485965297493347,1.8429866493703475
Uruguay_DUP4_farm4_field98_soybean_2021,Uruguay|soybean,1.243234634399414,1.7779113663970598,1.743341937600631,1.7564688718589836,1.6285656719706052
Uruguay_DUP4_farm6_field174_soybean_2019,Uruguay|soybean,2.2168068885803223,2.441739560335498,2.333903299542883,2.3649324654977426,2.538667392987519
Uruguay_DUP4_farm7_field182_soybean_2020,Uruguay|soybean,3.28501033782959,3.1921086773182688,3.13137834444887,3.158591445665712,3.1624873789823877
Uruguay_DUP4_farm7_field188_soybean_2018,Uruguay|soybean,4.035690784454346,1.5442922916339232,1.4851786856476488,1.5013641692364958,1.4703210529454447
Uruguay_DUP4_farm7_field190_soybean_2018,Uruguay|soybean,1.6221749782562256,1.5207560496540493,1.4868882664367769,1.3981871652238156,1.4652156118958266
Uruguay_DUP4_farm7_field194_soybean_2018,Uruguay|soybean,1.3293033838272095,1.5928569463343933,1.48661510457825,1.5082833353386826,1.5391278646527917
Uruguay_DUP4_farm7_field197_soybean_2018,Uruguay|soybean,2.2386724948883057,1.8799112237950846,1.7352635807458614,1.7746297031303886,1.8396548716598977
Uruguay_DUP4_farm7_field207_soybean_2018,Uruguay|soybean,1.8242532014846802,2.1558246946593593,2.01613789567291,1.9252266528917548,2.1684926565215634
Uruguay_DUP4_farm7_field210_soybean_2018,Uruguay|soybean,1.7316771745681763,1.7121140706250748,1.734947411562167,1.7474439536827653,1.8870132727168967
Uruguay_DUP4_farm7_field212_soybean_2018,Uruguay|soybean,1.7255641222000122,1.5527963916727492,1.3848053323329437,1.4834649574099776,1.4898185215636173
Uruguay_DUP4_farm7_field225_soybean_2019,Uruguay|soybean,4.352810859680176,3.5452623975441604,3.379266095346303,3.5008501261634946,3.5028132543463375
Uruguay_DUP4_farm7_field226_soybean_2019,Uruguay|soybean,3.109001398086548,3.1595632534019895,3.002362714015529,3.0230496437063605,3.1022898852786613
Uruguay_DUP4_farm8_field243_soybean_2019,Uruguay|soybean,3.3115487098693848,3.704738304403505,3.6431102352831104,3.6840727723334448,3.7141765555121355
Uruguay_DUP4_farm8_field245_soybean_2021,Uruguay|soybean,1.3890055418014526,2.1682559297961146,2.3248082160803034,2.2979937950103966,2.172148848546108
Uruguay_DUP4_farm8_field252_soybean_2019,Uruguay|soybean,2.2136690616607666,2.603308467694832,2.4075521543659923,2.597924363576172,2.5543479876644692
Uruguay_DUP4_farm8_field254_soybean_2019,Uruguay|soybean,2.3891501426696777,1.985327174072744,2.050678908738761,2.2038128114369315,2.1502094455547587
Uruguay_DUP4_farm8_field257_soybean_2019,Uruguay|soybean,3.613403081893921,2.49047711236561,2.5056164828053107,2.652821193597523,2.6048591468314495
Uruguay_DUP4_farm8_field258_soybean_2019,Uruguay|soybean,3.1082310676574707,3.16061908217861,2.8096716605049155,2.9659437326832205,2.8772250655105864
Uruguay_DUP4_farm9_field265_soybean_2019,Uruguay|soybean,2.1042425632476807,2.146938838994611,2.0353842444126182,2.0847326193116564,2.1177656280863406
Uruguay_DUP4_farm9_field270_soybean_2018,Uruguay|soybean,3.5044057369232178,2.135452751096919,2.2478193948150387,2.2223991012886026,2.3628047906207126
Uruguay_DUP4_farm9_field271_soybean_2018,Uruguay|soybean,1.4167546033859253,2.012109067466714,2.083744517050733,2.152396736214647,2.1394817735632996
Uruguay_DUP4_farm9_field277_soybean_2019,Uruguay|soybean,2.2958898544311523,2.248604702684902,2.0288567848244075,2.1336899183915206,2.135664918083684
Uruguay_DUP4_farm9_field287_soybean_2018,Uruguay|soybean,2.1983728408813477,2.3353763647516517,2.0417655281396483,2.0431134763956025,2.15001122842846
Uruguay_DUP4_farm9_field288_soybean_2018,Uruguay|soybean,2.7589340209960938,1.995076208683447,1.9690984430713334,2.061837539857442,1.9175958226200214
