field_id,group,target,climatology,ndvi_ndmi_rain_ridge,ridge_full_winsor,random_forest,hist_gradient_boosting,mlp_winsor,phenology_extratrees,phenology_dual_tree,temporal_transformer
Argentina_DUP1_farm14_field114_soybean_2022,Argentina|soybean,4.077847957611084,3.512830210273916,4.0072999823029845,3.4720882144047898,3.903488879244157,4.209767728478276,4.033884929534189,3.9669781586946544,3.9912571156730166,3.8809446716022498
Argentina_DUP1_farm14_field117_corn_2023,Argentina|corn,7.169715881347656,8.691955015063286,8.140784290870723,7.690839072282309,5.829642070822221,5.51814831216261,5.871753834131468,5.46059718705787,5.466352299568344,5.752784871470135
Argentina_DUP1_farm15_field125_soybean_2018,Argentina|soybean,3.900073528289795,3.512830210273916,3.2953338148752747,3.3625675220463616,3.9424961926000845,4.026744368730545,3.467784713351153,3.683255931359283,3.717604775096409,3.5308530649257794
Argentina_DUP1_farm15_field135_soybean_2019,Argentina|soybean,3.92604660987854,3.512830210273916,3.9248348073164534,3.2415312498527737,4.183192580200449,3.9597868047470124,4.075821537853832,4.089976803579126,4.076957803695914,3.8538779995871364
Argentina_DUP1_farm15_field144_soybean_2020,Argentina|soybean,3.5069212913513184,3.512830210273916,3.7365528038623936,2.3638780171074143,2.7783322408316278,2.3413179003107754,2.1787071057261604,2.7544357867135822,2.7131239980733013,2.2299605986565667
Argentina_DUP1_farm15_field150_soybean_2021,Argentina|soybean,5.143073081970215,3.512830210273916,4.165063862275177,4.251966084207128,4.188988532151738,4.236282340749296,3.85828329693956,4.271688941129639,4.268148281091605,4.130829239545332
Argentina_DUP1_farm15_field154_soybean_2022,Argentina|soybean,5.319962501525879,3.512830210273916,3.338346164903403,3.7539928225242156,4.301413679136508,4.812310444782594,3.888036229423747,4.527911013095637,4.556350956264333,4.0986181973965845
Argentina_DUP1_farm16_field157_soybean_2023,Argentina|soybean,1.2494542598724365,3.512830210273916,1.8112499595884217,2.0743068175424972,2.5811881506540315,2.404595532455607,1.4674733312613064,2.2614102112845664,2.275728743401671,1.732061382270513
Argentina_DUP1_farm17_field168_soybean_2018,Argentina|soybean,1.223634123802185,3.512830210273916,3.165021851647135,2.6614117261571506,3.022551479157121,2.615682963810406,3.014077158777824,3.1811205105580562,3.1245767558832913,2.8321955779790153
Argentina_DUP1_farm17_field169_soybean_2019,Argentina|soybean,4.524634838104248,3.512830210273916,4.4209728256176835,4.50521474972306,4.449522115879468,4.575471031265936,5.785027222218735,4.144496127512727,4.187593617888048,4.5321980540092905
Argentina_DUP1_farm17_field182_soybean_2019,Argentina|soybean,4.038310527801514,3.512830210273916,2.7765639736279364,3.420292164202795,3.8020163108743925,4.603365808763999,3.003867480361651,4.110409943499381,4.1597055300258425,3.4257588028433617
Argentina_DUP1_farm17_field183_soybean_2021,Argentina|soybean,2.280846118927002,3.512830210273916,3.7579517104116476,3.90244004512779,3.763565321339641,3.4212751983382717,3.7454967626161455,3.6640049950273488,3.639732015358441,3.3366649994027986
Argentina_DUP1_farm17_field189_soybean_2021,Argentina|soybean,1.8797327280044556,3.512830210273916,3.5795460776688643,4.135490857270406,3.5118428487363342,3.9492078075261636,4.368832604987986,3.7298237912204946,3.7517621928510616,3.2713174319239626
Argentina_DUP1_farm19_field196_soybean_2022,Argentina|soybean,5.2486891746521,3.512830210273916,4.193306924435478,4.5482980663698065,4.3023389193225645,3.9970755678228187,4.496145791694765,4.532517570077845,4.4789733698523415,4.608180219495616
Argentina_DUP1_farm19_field197_corn_2022,Argentina|corn,12.48502254486084,8.691955015063286,10.476688791618741,10.526699181778053,10.915241513748066,11.26525782005827,11.025217606675376,10.28039318589445,10.378879649310832,11.316399217521589
Argentina_DUP1_farm19_field198_corn_2022,Argentina|corn,13.68151569366455,8.691955015063286,10.695942167384544,12.255283673298985,11.617096209415653,11.629702572108512,12.8005235047633,11.876994142648808,11.852264985594779,12.973701742372832
Argentina_DUP1_farm23_field218_soybean_2019,Argentina|soybean,2.855816602706909,3.512830210273916,4.172336906656235,3.8557666308161913,4.427660301040315,4.647776868666142,4.175579220083227,3.86419517294815,3.9425533425199495,3.6852608016611743
Argentina_DUP1_farm23_field231_soybean_2021,Argentina|soybean,4.768322944641113,3.512830210273916,3.4146472483921304,2.9545237182519677,2.6610744654708234,3.238578837511841,2.8456769963934745,2.7376299324907376,2.787724822992848,2.3585809573513776
Argentina_DUP1_farm24_field238_corn_2021,Argentina|corn,9.808682441711426,8.691955015063286,6.263212825720918,6.986676398515015,7.3736533715905495,7.369339670088974,4.852593837253897,6.641429718545589,6.714220713699927,5.726976658538835
Argentina_DUP1_farm25_field245_corn_2023,Argentina|corn,8.207260131835938,8.691955015063286,8.623130518571514,7.796496058997787,6.768964219199164,6.1567081449033925,6.037825540342608,7.362897874509191,7.2422789015486115,6.36299463075184
Argentina_DUP1_farm25_field258_corn_2023,Argentina|corn,8.343838691711426,8.691955015063286,8.341627907595232,11.660887998780675,9.196483161593115,9.847307905247844,11.061992472708624,9.257461496340454,9.316446137231194,7.934516624992114
Argentina_DUP1_farm25_field260_corn_2023,Argentina|corn,6.742878437042236,8.691955015063286,8.349413163512748,7.823447053118941,7.68737094897649,7.250721131450164,8.145182831761101,7.356459285510499,7.345885470104466,7.518147244228967
Argentina_DUP1_farm25_field263_soybean_2023,Argentina|soybean,1.6766700744628906,3.512830210273916,2.604507910303045,1.7342013370054694,2.5431096466092984,2.5529794874790253,1.908191116357118,2.651605289401778,2.641742709209503,1.920168605962135
Argentina_DUP1_farm25_field267_corn_2023,Argentina|corn,6.310557842254639,8.691955015063286,6.89811440522676,5.807451180523707,6.463089097414586,5.5810245080310645,4.446692608856566,6.128941800278776,6.074150071054005,5.026423045603567
Argentina_DUP1_farm27_field275_soybean_2021,Argentina|soybean,3.8535122871398926,3.512830210273916,3.1838028931069418,3.3996399207417203,3.3964817728177565,3.429040018536249,3.4235803580692425,3.5282786588984227,3.5183547948622054,3.266164603212394
Argentina_DUP1_farm27_field282_soybean_2021,Argentina|soybean,2.9482030868530273,3.512830210273916,3.049806580630544,3.1511171282393464,3.2440415861706047,3.3081886191883356,3.185074464035962,3.1304059760804566,3.1481842403912443,2.4131541474341907
Argentina_DUP1_farm27_field292_soybean_2020,Argentina|soybean,4.491723537445068,3.512830210273916,3.5747904319417447,3.655525106325544,4.233513648527918,4.218474693151942,4.225356232882145,3.5842649064291128,3.6476858851013954,4.035798097425945
Argentina_DUP1_farm27_field297_soybean_2020,Argentina|soybean,3.6583564281463623,3.512830210273916,3.5454189246883705,3.9833575735560496,3.733971456379167,3.7358490830897155,4.489210741519391,3.9027375957170314,3.8860487444542997,4.3205611765215854
Argentina_DUP1_farm27_field309_soybean_2021,Argentina|soybean,3.608588457107544,3.512830210273916,2.910383414833567,2.431800610895335,3.03538301154154,2.937686711390788,2.526421381714339,2.965903639026366,2.9630819462628084,2.458334799314464
Argentina_DUP1_farm29_field329_soybean_2023,Argentina|soybean,1.8735607862472534,3.512830210273916,2.7490882914264048,2.8077676446258963,3.3980672334046984,2.976242782486324,2.443875725631611,2.8334889033242865,2.84776429124049,1.757492050557801
Argentina_DUP1_farm2_field18_corn_2022,Argentina|corn,11.46400260925293,8.691955015063286,10.431350039171862,11.3876435582448,11.44291913435382,11.198038211353131,11.95427351016137,11.832785582747318,11.7693108456079,12.66538990254693
Argentina_DUP1_farm2_field34_soybean_2023,Argentina|soybean,3.9179561138153076,3.512830210273916,3.7835561034527463,4.250317106462876,4.232373950886435,4.72311972257482,4.507577947779383,4.509278879909926,4.530662964176416,4.233638682633199
Argentina_DUP1_farm2_field35_soybean_2023,Argentina|soybean,2.3820455074310303,3.512830210273916,3.5579081653934264,4.174218988419518,3.8519990674358477,3.9966892093834243,4.09337871962686,3.8247522614749934,3.8419459562658367,4.257692879314751
Argentina_DUP1_farm2_field44_soybean_2023,Argentina|soybean,3.2150309085845947,3.512830210273916,3.7470030529941147,4.346515105853191,3.7327381334357868,3.4127048791211028,3.9642815421686244,3.7914268248772247,3.7535546303016125,3.6710496503745507
Argentina_DUP1_farm2_field46_soybean_2023,Argentina|soybean,3.931553840637207,3.512830210273916,3.4072819833008805,3.9934020009351667,4.2394635286324975,4.109032248066854,3.644706541908213,4.010171329831103,4.020057421654678,3.3456147301250296
Argentina_DUP1_farm2_field48_corn_2024,Argentina|corn,6.928237438201904,8.691955015063286,9.650798113234154,9.267491802027184,7.91868606600965,9.006403498267082,7.216980457362365,7.507342927677104,7.657248984736102,9.076168712317857
Argentina_DUP1_farm32_field341_corn_2023,Argentina|corn,4.540485858917236,8.691955015063286,9.066667274021352,10.137236067892282,7.636288492898213,7.720013795720234,10.683510550554812,8.184416514275714,8.137976242420166,10.108460951330372
Argentina_DUP1_farm34_field343_soybean_2022,Argentina|soybean,4.658246994018555,3.512830210273916,4.196435228610863,4.097398789083218,4.149816412686996,4.217771703331792,3.819914882606263,4.234785204140371,4.2330838540595135,4.509311844421761
Argentina_DUP1_farm35_field347_soybean_2022,Argentina|soybean,2.554513692855835,3.512830210273916,3.8782770915449,3.0110270034623605,3.2927475851616523,3.108053707059299,3.9016626856886494,3.151451462490315,3.1471116869472135,3.0587706742772323
Argentina_DUP1_farm36_field358_corn_2021,Argentina|corn,7.103315353393555,8.691955015063286,5.8866685835195875,6.047408755139962,6.823047070646867,6.229193093533893,6.928145714257084,7.022949102203419,6.943573501336466,5.262252953212803
Argentina_DUP1_farm36_field369_soybean_2022,Argentina|soybean,2.8406505584716797,3.512830210273916,4.133838161165626,3.2684130876475255,3.6520721363743487,3.3347355290587335,3.3038176815333564,3.257019587652816,3.2647911817934077,2.7112089655619456
Argentina_DUP1_farm36_field374_soybean_2022,Argentina|soybean,3.977745771408081,3.512830210273916,3.967182631472423,2.9632260274932554,3.494757323618745,3.454130370661338,3.5579662929154856,3.451089200217462,3.4513933172618496,2.868488467012165
Argentina_DUP1_farm36_field390_corn_2022,Argentina|corn,6.56842041015625,8.691955015063286,9.043760144148447,7.11955430105104,7.515889049267323,7.24194590479464,5.802846539676329,7.557788173056446,7.526203946230266,6.752760798509603
Argentina_DUP1_farm36_field391_soybean_2022,Argentina|soybean,3.151064157485962,3.512830210273916,3.984063435815803,3.0740940360974958,3.006561592559788,2.5014862850480073,3.406247748742914,3.0211065527982552,2.9691445260232303,2.567663677463531
Argentina_DUP1_farm37_field408_soybean_2020,Argentina|soybean,5.070003986358643,3.512830210273916,3.59148096455391,3.9219607933649487,4.132025704950596,4.57601575572876,4.709356079551104,4.213757744382486,4.2499835455171135,4.042636404217239
Argentina_DUP1_farm37_field411_soybean_2021,Argentina|soybean,1.6555449962615967,3.512830210273916,3.476233888266295,3.134523433949365,3.2894670493087244,3.7037994655573834,2.6767176498034027,2.9735368069240518,3.046563072787385,2.360288368505179
Argentina_DUP1_farm37_field412_soybean_2021,Argentina|soybean,4.1647748947143555,3.512830210273916,2.758523326116772,2.4886836897898856,3.3542696056600305,3.046807515753225,2.5813824740374818,2.935920833267209,2.9470095015158106,1.9765250197484627
Argentina_DUP1_farm42_field440_soybean_2021,Argentina|soybean,3.405916452407837,3.512830210273916,3.703586190447923,3.76054997563165,3.9462096798795607,3.9090693880527843,3.871296908448118,3.9990438489975118,3.9900464029030394,3.488436081021204
Argentina_DUP1_farm44_field449_wheat_2018,Argentina|wheat,3.2202141284942627,4.135075228041913,3.2638246601488565,3.879735442842306,3.0807443797510707,3.00404608334763,5.1285800339590155,3.3722829939192787,3.335459302862114,2.7573618654481526
Argentina_DUP1_farm44_field450_corn_2021,Argentina|corn,7.9806389808654785,8.691955015063286,2.4261019725624955,5.055653171450702,6.601397485200131,6.2907957037674045,5.565956235494237,6.418277848800178,6.405529634296901,4.863676510949828
Argentina_DUP1_farm44_field452_soybean_2020,Argentina|soybean,3.424290418624878,3.512830210273916,3.8386842095641143,4.192177889535424,3.9076870836013238,3.8617663324755482,3.7102752100111416,4.254401487690976,4.215137972169433,4.319445384591183
Argentina_DUP1_farm44_field461_wheat_2021,Argentina|wheat,3.349882125854492,4.135075228041913,2.650456015729822,3.441236473992623,1.9642255951563419,1.284521270598939,2.115563399906844,1.9026728393394094,1.8408576824653617,1.8321045004648489
Argentina_DUP1_farm44_field462_soybean_2020,Argentina|soybean,4.6820969581604,3.512830210273916,4.4043934946165235,4.965857758696856,4.048371972341651,4.027536882831932,4.720580478141892,4.4311415568068035,4.390781089409316,4.505696459421607
Argentina_DUP1_farm44_field473_corn_2021,Argentina|corn,11.483881950378418,8.691955015063286,3.1095203144841967,5.67850741202127,6.850019834161175,6.343352449194284,6.398668744984969,6.567056241273384,6.544685862065474,5.3895564620886125
Argentina_DUP1_farm44_field481_soybean_2019,Argentina|soybean,4.2340006828308105,3.512830210273916,4.190583743572626,4.052021657543804,4.212051674097509,4.26854615164941,4.493730916971829,4.36806897836797,4.358116695696114,4.47548767557435
Argentina_DUP1_farm44_field484_soybean_2018,Argentina|soybean,4.172374248504639,3.512830210273916,3.0905307280015855,3.1665424596602865,3.2668639931671617,3.499126950119603,3.6199958879900254,3.4185669234638594,3.4266229261294336,2.548095377461363
Argentina_DUP1_farm44_field496_soybean_2021,Argentina|soybean,1.9881240129470825,3.512830210273916,3.368478571678787,3.565715022344142,3.760170492988443,3.7018437177235537,3.3834932368984045,3.896335287545319,3.876886130563143,3.293811400409556
Argentina_DUP1_farm44_field500_soybean_2020,Argentina|soybean,3.447204351425171,3.512830210273916,4.067922999045795,4.093406997282149,4.355625562652596,4.7681741806673905,4.353417145212152,4.412421334102,4.447996618758539,4.135760905132749
Argentina_DUP1_farm44_field503_soybean_2018,Argentina|soybean,3.670666217803955,3.512830210273916,3.2272271407135187,3.6093736560720435,3.491467227747924,3.7367893007200217,3.518358995464916,3.687645323768347,3.6925597214635144,3.4652051543058504
Argentina_DUP1_farm44_field505_soybean_2021,Argentina|soybean,3.1494650840759277,3.512830210273916,3.188935491565376,2.7558508074615022,3.6743046377489863,3.198198901495885,2.0996184361629826,3.009146900237281,3.0280521003631415,2.4009311506495257
Argentina_DUP1_farm44_field506_soybean_2021,Argentina|soybean,2.557133436203003,3.512830210273916,2.7617855608609374,2.367639880554553,2.9163507761939345,2.5346839923003874,2.9946698136897214,2.8931812720183068,2.857331544046515,2.221150351180098
Argentina_DUP1_farm44_field508_soybean_2019,Argentina|soybean,3.796565532684326,3.512830210273916,4.503318729102664,3.697855108040626,4.037256378058012,3.624886060705081,3.875142137593756,4.008353580483255,3.9700068285054373,4.291307675222134
Argentina_DUP1_farm44_field510_soybean_2019,Argentina|soybean,3.9510750770568848,3.512830210273916,4.336151612770281,4.7337015695668985,4.017820405960098,4.114071531362898,4.544719263239188,4.243281121253449,4.230360162264393,4.265927721384605
Argentina_DUP1_farm44_field518_soybean_2020,Argentina|soybean,2.855581045150757,3.512830210273916,2.59743135665142,2.3450253641004277,2.8113234237320186,2.3581246206144675,2.632085280042408,2.8263592853687363,2.7795358188933097,2.7825039313194035
Argentina_DUP1_farm44_field519_soybean_2020,Argentina|soybean,3.964035749435425,3.512830210273916,2.9489300984354454,3.1100372127899854,3.9294871410313688,4.396467832730929,3.828283280837222,3.926549969144854,3.973541755503462,3.6708349468646198
Argentina_DUP1_farm44_field536_soybean_2019,Argentina|soybean,4.50089168548584,3.512830210273916,4.186861228924585,3.406583136470881,4.137082322311965,4.082813027493901,4.220852278986037,4.264354271761638,4.246200147334864,4.090940584970693
Argentina_DUP1_farm44_field547_soybean_2018,Argentina|soybean,2.847217559814453,3.512830210273916,2.6599872972691516,3.1835245606667146,2.9123643849355565,3.0148079562052765,2.6172556183377687,2.803871619224769,2.8249652529228197,2.322069144773791
Argentina_DUP1_farm44_field557_corn_2018,Argentina|corn,4.47698974609375,8.691955015063286,6.382471793306541,6.895497041311638,5.940178518705206,5.095203341556751,5.992849136327676,6.101930696913147,6.001257961377507,4.79834166332521
Argentina_DUP1_farm45_field589_corn_2020,Argentina|corn,12.453889846801758,8.691955015063286,10.241030414039715,10.45982420464056,11.67610938984763,11.772532770269297,10.425581596695576,11.536943887859632,11.560502776100599,10.922841838030735
Argentina_DUP1_farm45_field592_corn_2020,Argentina|corn,12.958222389221191,8.691955015063286,10.64655852693627,10.714827808984882,11.172596580445896,11.586575958101495,10.230407110709445,10.95604649025556,11.019099437040152,11.538569508495199
Argentina_DUP1_farm45_field596_corn_2020,Argentina|corn,12.130420684814453,8.691955015063286,10.360612176534508,10.708667684470093,11.563631703368356,11.782370361769757,8.807476192604097,11.574735585499111,11.595499063126175,9.0326191058414
Argentina_DUP1_farm45_field601_wheat_2019,Argentina|wheat,6.201404571533203,4.135075228041913,6.236052838619906,5.934497614430141,5.603429580848312,5.441853926978023,5.187808387839951,5.858519332574916,5.8168527920152275,5.409317437274225
Argentina_DUP1_farm45_field603_wheat_2021,Argentina|wheat,7.786730766296387,4.135075228041913,4.692960515788555,5.9961533712505135,5.132186533909956,5.4343519571321846,6.266966710911815,5.687455829057851,5.662145441865284,5.725588549264158
Argentina_DUP1_farm45_field607_wheat_2020,Argentina|wheat,6.705805778503418,4.135075228041913,6.004311969638018,6.001821923191394,6.177479804508465,6.86971818873014,7.095320172262322,6.174914643977752,6.244394998452991,6.236185347046247
Argentina_DUP1_farm45_field618_wheat_2021,Argentina|wheat,6.5878376960754395,4.135075228041913,5.146923212152638,5.677867425853208,5.255284807804855,5.2841197508521836,5.296898247664202,5.625977038306848,5.591791309561382,6.183641079234179
Argentina_DUP1_farm45_field638_corn_2018,Argentina|corn,10.892257690429688,8.691955015063286,7.701116138092909,9.485127852957904,10.31056977838882,10.658727916837314,10.673647774814166,9.675874941780915,9.774160239286555,9.91084858583158
Argentina_DUP1_farm45_field647_corn_2023,Argentina|corn,2.9263737201690674,8.691955015063286,6.915411616511463,6.447089433680137,5.184282518910866,5.305562730193225,4.6748922581726085,5.265605077905425,5.269600843134205,4.959264696244299
Argentina_DUP1_farm51_field668_soybean_2022,Argentina|soybean,1.4079108238220215,3.512830210273916,3.4713666730633195,3.387009080817108,3.196628200279401,2.701414799431757,2.7721820041120857,3.1174084334372427,3.0758090700366942,2.6361129332860895
Argentina_DUP1_farm51_field676_wheat_2021,Argentina|wheat,5.653107166290283,4.135075228041913,5.906057621057514,5.8663948938226165,5.388741545690787,5.553988638907931,6.027666743792072,5.653547877160447,5.643591953335196,5.612814914642929
Argentina_DUP1_farm51_field680_corn_2022,Argentina|corn,9.317485809326172,8.691955015063286,9.422189520380353,10.949504733473052,11.194482844389892,11.104826590188619,11.051670576051873,11.053688645533606,11.058802439999107,12.117478113224202
Argentina_DUP1_farm51_field685_wheat_2022,Argentina|wheat,1.9370661973953247,4.135075228041913,3.7217142177455007,3.812183754827629,2.8104464109442957,3.2508549457302625,3.109662934483215,3.1083762953608565,3.1226241603977973,3.26595590229428
Argentina_DUP1_farm52_field686_soybean_2020,Argentina|soybean,2.813114643096924,3.512830210273916,3.766666081665578,3.576946382472012,3.447883125415599,3.301714667905174,3.125640003370652,3.510028618399055,3.4891972233496666,3.567084898805101
Argentina_DUP1_farm52_field697_soybean_2022,Argentina|soybean,4.865903377532959,3.512830210273916,3.4591383133181375,4.399368409258998,4.815628785740079,5.2069324167045865,4.051229715443078,4.634525216969498,4.691765936943008,4.446875989698205
Argentina_DUP1_farm52_field706_soybean_2022,Argentina|soybean,5.757415771484375,3.512830210273916,3.782203693447262,4.755475738911524,4.138877174070381,4.799998504485156,4.466758942683256,4.925892203731916,4.91330283380724,4.6471734123624575
Argentina_DUP1_farm52_field714_soybean_2021,Argentina|soybean,2.7373156547546387,3.512830210273916,3.545795479477835,3.360848929683583,3.082013784285926,2.6211605482462215,2.3707645908674753,2.9869130854538017,2.9503378317330435,2.1750456598144985
Argentina_DUP1_farm52_field717_soybean_2021,Argentina|soybean,4.156802654266357,3.512830210273916,3.864035881766886,4.16863775882137,4.165443982077737,4.555406383449578,3.531430235997403,4.337239516949892,4.35905620359986,4.4205385322420785
Argentina_DUP1_farm52_field727_soybean_2021,Argentina|soybean,3.8810455799102783,3.512830210273916,3.5191879357645273,3.951857656550075,4.57814795304051,4.368277647174249,3.1508928041104243,4.163363519750047,4.183854932492467,4.007184893818092
Argentina_DUP1_farm54_field733_wheat_2020,Argentina|wheat,2.2495839595794678,4.135075228041913,2.1733350035684893,2.1674862930871606,1.887717094385024,2.117758003443447,2.136491032422329,1.9088527511991642,1.9297432764235927,1.6808354791587679
Argentina_DUP1_farm54_field735_soybean_2021,Argentina|soybean,0.7536706924438477,3.512830210273916,2.5877272022167084,2.2317437340684347,2.3576617082447315,2.164912395275031,2.2988176129672038,2.321357074886155,2.3057126069250424,1.7757224515503283
Argentina_DUP1_farm54_field739_soybean_2018,Argentina|soybean,3.4476916790008545,3.512830210273916,3.4752310377856857,3.668212154012863,3.7728519758972547,3.5520768229068143,3.77321859279443,3.732228227719883,3.7142130872385763,3.7107034267128944
Argentina_DUP1_farm54_field743_soybean_2020,Argentina|soybean,4.636996269226074,3.512830210273916,4.073773373548636,4.510492417515465,4.349697974000637,4.606657061156966,4.758269331179721,4.512098102761265,4.521553998600835,4.372245049646275
Argentina_DUP1_farm55_field747_corn_2023,Argentina|corn,6.004730701446533,8.691955015063286,7.962439786911396,7.932753586431284,5.792612740509173,6.2942757503020825,6.732401308346717,5.815353709606889,5.8632459136764075,5.1842212645757035
Argentina_DUP1_farm56_field750_soybean_2023,Argentina|soybean,1.5359516143798828,3.512830210273916,2.9527776593690978,2.6295424770726132,3.054260172078325,2.6992354952651985,2.171184734588711,2.787477760416687,2.778653533901538,1.9388276736175931
Argentina_DUP1_farm5_field64_soybean_2024,Argentina|soybean,2.95475435256958,3.512830210273916,3.4958119609799496,3.2369719542856297,3.8476268084986454,3.663756307704256,3.586627514891314,3.586814629013401,3.5945087968824865,3.707245737738999
Argentina_DUP1_farm5_field65_corn_2024,Argentina|corn,11.944779396057129,8.691955015063286,10.179639761946227,10.190723853108265,11.171418099045718,12.004895012443958,10.455630681061985,11.603568781791322,11.643701404856586,11.028599329536007
Argentina_DUP1_farm6_field78_soybean_2023,Argentina|soybean,1.835261583328247,3.512830210273916,2.6822673026017454,2.6237883369659616,2.5068870965385273,2.195836702421715,2.091998522383706,2.5223974668850353,2.489741390438703,1.9215640307052988
Argentina_DUP1_farm7_field86_soybean_2024,Argentina|soybean,2.7664196491241455,3.512830210273916,3.743448414280132,4.125172614162707,4.324334808189307,4.183547018169307,4.269263419016003,4.058362914158679,4.070881324559743,4.188363783315635
Argentina_DUP1_farm9_field94_corn_2024,Argentina|corn,9.31701374053955,8.691955015063286,9.03434218651406,9.288477315535678,9.94182149879203,9.610702616534908,10.543928023830503,10.171409846749517,10.115339123728056,10.154686123205515
Brazil_DUP2_farm2_field15_wheat_2017,Brazil|wheat,3.5504167079925537,3.7483099491224374,3.8405393945876654,3.773142317323774,3.9282720635277286,3.7303184880517484,3.8596847123777787,3.6736618955950635,3.6793275548407323,3.5761232891103636
Brazil_DUP2_farm2_field18_soybean_2019,Brazil|soybean,3.74405837059021,4.141856733015028,3.9668252512799045,3.6253340640569744,3.7611152028539903,3.5343995175337994,3.7166965255702316,3.6154996080982085,3.6073895990417673,3.3681547157118454
Brazil_DUP2_farm2_field25_corn_2019,Brazil|corn,7.2953948974609375,6.680697711308797,7.175245930574239,6.5908908234321855,7.588213038596219,7.929167540982551,6.625140614281025,7.469706713464945,7.515652796216706,6.361858288343508
Brazil_DUP2_farm2_field36_soybean_2022,Brazil|soybean,4.307104110717773,4.141856733015028,4.150419452261521,4.231532242018146,4.343574615276399,4.394718222192863,4.21504814261974,4.200203539155847,4.219655007459549,4.276981996522726
Brazil_DUP2_farm2_field38_soybean_2020,Brazil|soybean,4.140893936157227,4.141856733015028,4.424464964358977,4.55227463482325,4.460418665221806,4.6244868459876445,4.598655980006614,4.531529060260297,4.540824838833031,4.477611176648041
Brazil_DUP2_farm2_field41_soybean_2019,Brazil|soybean,3.871553659439087,4.141856733015028,4.023223689036984,3.889184607298163,4.03417997605489,3.7587303853282514,3.9777511256834286,3.9091034759125414,3.8940661668541123,3.8099253353569544
Brazil_DUP2_farm2_field44_wheat_2020,Brazil|wheat,4.408825397491455,3.7483099491224374,4.015054842078185,4.049869951797173,4.279554791105587,4.430212400387559,4.017211313285173,4.208807090504992,4.230947621493248,4.1311513833240205
Brazil_DUP2_farm2_field46_corn_2023,Brazil|corn,8.691034317016602,6.680697711308797,7.692613076692851,8.493369693009743,7.663802672693857,8.91480799489602,7.883302944021599,7.556656076403654,7.692471268252891,7.4446917607473795
Brazil_DUP2_farm2_field50_soybean_2024,Brazil|soybean,3.9796488285064697,4.141856733015028,4.101755070146818,4.085711250500338,4.2830516985668705,4.292182340036758,4.1476227300738415,4.161075293214082,4.17418599789635,4.120822809830672
Brazil_DUP2_farm4_field113_soybean_2023,Brazil|soybean,4.134476661682129,4.141856733015028,4.175541743278987,4.287440649923601,4.391669276317855,4.355555474216361,4.4625017357094725,4.360943125612463,4.360404360472853,4.225830733462442
Brazil_DUP2_farm4_field129_corn_2024,Brazil|corn,4.312436580657959,6.680697711308797,6.402885412692015,6.828624040104801,6.393855444410533,6.057958832854679,6.853049240750167,6.149476472702285,6.140324708717525,6.258728687645395
Brazil_DUP2_farm4_field134_corn_2018,Brazil|corn,7.684322834014893,6.680697711308797,6.001317516198954,7.040183347748958,6.422105800530313,6.117092951226552,7.289995347524308,6.920004270071323,6.839713138186847,7.8972491309898825
Brazil_DUP2_farm4_field67_soybean_2020,Brazil|soybean,4.458172798156738,4.141856733015028,4.14377707656015,4.4156547204975105,4.305378002749469,4.314642704580385,4.667575594399426,4.440352606059554,4.427781615911638,4.008862272534375
Brazil_DUP2_farm4_field83_wheat_2020,Brazil|wheat,3.2220044136047363,3.7483099491224374,3.4282341491886523,3.247698936251756,3.6517236969606164,3.6301939305266266,3.437628702471196,3.5525482802354063,3.5603128452645283,3.300986173840817
Brazil_DUP2_farm4_field88_soybean_2019,Brazil|soybean,2.7837440967559814,4.141856733015028,3.981195899836207,3.7667822788781358,3.574307036722179,3.436937867489423,3.741706363969129,3.478899911313556,3.474703706931143,3.4902758716355287
Brazil_DUP2_farm4_field95_soybean_2019,Brazil|soybean,2.6613800525665283,4.141856733015028,3.978291762197573,3.841250993413835,3.8456107352124147,3.6004042400112337,3.758293175761647,3.6295247366097625,3.62661268694991,3.6421810963951864
Brazil_DUP2_farm5_field146_corn_2023,Brazil|corn,7.280275821685791,6.680697711308797,7.602251761772542,7.252092845185218,6.326661127038223,5.815198597443386,7.0665057286907205,6.919033640867048,6.808650136524681,6.766908705349615
Brazil_DUP2_farm5_field153_soybean_2018,Brazil|soybean,4.145542144775391,4.141856733015028,4.362159147479943,4.4644475773896835,4.335166219738122,4.427222211166373,4.493378209924842,4.3083886487703404,4.320272005009944,4.1925468437346805
Brazil_DUP2_farm5_field156_corn_2023,Brazil|corn,5.96615743637085,6.680697711308797,7.631449865279887,7.265599004164258,7.258932238972003,6.734985715881575,8.076868945626495,7.020353250521841,6.9918164970578145,6.955790054066812
Brazil_DUP2_farm5_field164_wheat_2018,Brazil|wheat,5.133892059326172,3.7483099491224374,3.5890900693056134,3.234100729650465,3.749788375208672,4.4315833530703905,3.81040139423796,3.8856337335412334,3.9402286954941492,4.285418059641023
Brazil_DUP2_farm5_field167_wheat_2019,Brazil|wheat,3.5153419971466064,3.7483099491224374,4.127108510815522,3.831315892834207,4.101474703681432,3.6102791847150617,3.5741471123002593,4.061311381330555,4.016208161669006,4.12804275728204
Brazil_DUP2_farm5_field177_soybean_2019,Brazil|soybean,3.472752332687378,4.141856733015028,3.613717886753616,3.1661335449096866,3.3565248103719947,3.0820394426222713,3.1264548494189963,3.31350822780064,3.290361349282803,3.0839747647551206
Brazil_DUP2_farm5_field178_wheat_2021,Brazil|wheat,4.578473091125488,3.7483099491224374,4.198209363222623,4.621748657017532,4.640390944098938,4.639877737125902,4.582402620556195,4.740617365414609,4.730543402585738,4.648819684109676
Brazil_DUP2_farm5_field184_soybean_2019,Brazil|soybean,2.2968311309814453,4.141856733015028,3.3880891965302227,2.9208493619936737,3.340302868068442,2.746069245689557,3.0313796238982764,3.15385796085914,3.1130790893421816,2.6132584668412324
Brazil_DUP2_farm5_field185_soybean_2021,Brazil|soybean,3.7659876346588135,4.141856733015028,4.376564491294946,3.753325197987989,4.157250224669846,4.126005523235327,4.164390546458191,4.1802327947752085,4.1748100676212205,3.8207898488221437
Brazil_DUP2_farm5_field191_soybean_2024,Brazil|soybean,3.446136713027954,4.141856733015028,4.065509989814451,4.054016415111873,3.913301845263592,3.4169365396829416,3.8587840459317078,3.902610272632217,3.8540428993372897,4.127584325143921
Brazil_DUP2_farm5_field195_corn_2019,Brazil|corn,7.561824798583984,6.680697711308797,6.603214620295961,6.2549007592754045,6.753237078581614,6.929228354894876,6.9628850520320915,7.003547594338478,6.996115670394118,6.55761431600149
Brazil_DUP2_farm5_field218_soybean_2018,Brazil|soybean,4.720359802246094,4.141856733015028,4.43030802871663,4.336933403689992,4.26025609654228,4.258346811720149,4.252091959658066,4.271108397728241,4.269832239127432,3.9300500971979258
Brazil_DUP2_farm5_field234_soybean_2022,Brazil|soybean,3.153770923614502,4.141856733015028,3.6809134646246866,3.543212896557029,3.59646840467292,3.1742786878592786,3.3518371617433487,3.124318318867716,3.129314355766872,3.022619811877922
Brazil_DUP2_farm5_field238_soybean_2021,Brazil|soybean,4.45763635635376,4.141856733015028,3.9367791384808397,4.076036628508439,4.315260009751308,4.188399585917858,4.178402199606871,4.322507865906953,4.309097037908043,4.441276609193585
Brazil_DUP2_farm5_field255_soybean_2019,Brazil|soybean,2.6488635540008545,4.141856733015028,3.4476913351804113,3.050503816802007,3.3586193005039693,2.764275517506415,3.242674305816995,3.1496496080891676,3.1111121990308925,2.724298606381993
Brazil_DUP2_farm5_field273_corn_2020,Brazil|corn,9.866704940795898,6.680697711308797,6.461425172779731,6.081132640259335,6.544422152739311,7.035146016233629,6.291601548109713,6.658285329354537,6.695971398042446,7.4167710113307415
Brazil_DUP2_farm5_field277_wheat_2018,Brazil|wheat,4.971075057983398,3.7483099491224374,3.2012995300223355,3.188678270226355,3.4240714645919605,3.638630850045267,3.2625593422360715,3.3879593879091416,3.4130265341227544,3.626524309293499
Brazil_DUP2_farm5_field281_soybean_2024,Brazil|soybean,3.672234058380127,4.141856733015028,4.154010571033897,4.183076726817269,4.168976731720302,4.298742669211753,4.351930655476186,4.164365265329708,4.177803005717912,3.891405546064542
Brazil_DUP2_farm6_field293_wheat_2021,Brazil|wheat,5.280581951141357,3.7483099491224374,4.1668153357097255,4.461183665575768,4.749525503019999,5.276662492078613,4.514491921153162,4.7542785824977365,4.806516973455824,4.531417700256606
Brazil_DUP2_farm6_field301_wheat_2021,Brazil|wheat,4.109171390533447,3.7483099491224374,4.179591503299497,4.342500118560346,4.369902810483656,4.382810310201868,4.55813934538041,4.479642746282062,4.469959502674042,4.44148741311759
Brazil_DUP2_farm6_field302_soybean_2018,Brazil|soybean,4.501225471496582,4.141856733015028,4.200890223130275,4.377391210115699,4.258364165985802,4.42911103212229,3.7430275639080914,4.170497868238891,4.196359184627231,3.794340052516742
Brazil_DUP2_farm6_field305_soybean_2023,Brazil|soybean,3.9402313232421875,4.141856733015028,4.38853730154753,4.208029664539088,4.251472488990089,4.455955841727596,4.229620962029556,4.192126281507742,4.2185092375297275,4.242569685256377
Brazil_DUP2_farm6_field317_soybean_2018,Brazil|soybean,4.2405924797058105,4.141856733015028,4.1876137793444475,4.087262221888352,4.072033272457815,3.8518373880288665,3.911530024780702,4.034090297155136,4.015865006242509,3.954445667734669
Brazil_DUP2_farm6_field318_soybean_2019,Brazil|soybean,3.2935357093811035,4.141856733015028,3.879696374743674,4.046016119586453,3.7579837187003986,3.2388795978131055,3.876309035469254,3.2955357647635366,3.2898701480684935,3.5544599986259375
Brazil_DUP2_farm6_field319_corn_2024,Brazil|corn,5.417327880859375,6.680697711308797,6.132656733340767,6.181527856780213,5.531512303927518,5.892845625907828,5.388835429585017,5.970769738579448,5.962977327312286,5.688102732374734
Brazil_DUP2_farm6_field325_wheat_2018,Brazil|wheat,2.8940229415893555,3.7483099491224374,3.089795844889476,3.2361791052389197,2.9349388452461973,2.3931092717244122,2.7061326327925603,2.846951582431251,2.8015673513605672,3.178873950357907
Brazil_DUP2_farm6_field331_wheat_2019,Brazil|wheat,4.073089122772217,3.7483099491224374,3.766626924884091,3.373137851247116,3.767099049469167,3.833599600221595,3.1174040823044615,3.6726972572031724,3.688787491505015,3.1584386589699527
Brazil_DUP2_farm6_field332_soybean_2020,Brazil|soybean,4.528463840484619,4.141856733015028,3.8270324059097787,4.07931207116232,4.277028837882644,4.364776402184213,3.889647270702637,4.204331928715866,4.220376376062701,4.336424497577784
Brazil_DUP2_farm6_field334_soybean_2020,Brazil|soybean,3.682724714279175,4.141856733015028,3.9388465743425893,3.8559364451621687,3.8992328378559478,3.881801813934958,4.29611056065652,4.140458451722416,4.1145927879436694,4.006043568921086
Brazil_DUP2_farm6_field336_soybean_2018,Brazil|soybean,4.660524845123291,4.141856733015028,4.190030194341575,4.25155019679977,4.244692717065296,4.686481881492524,4.076090347989421,4.253665238709839,4.296946902988108,3.515834324415351
Brazil_DUP2_farm6_field343_soybean_2017,Brazil|soybean,5.014899730682373,4.141856733015028,3.9729906494147125,4.647721356690503,4.617688852796065,4.782779355262257,4.065282735886965,4.539274781842625,4.563625239184588,4.376827417181865
Brazil_DUP2_farm6_field347_corn_2019,Brazil|corn,6.527939319610596,6.680697711308797,5.819976211820715,5.733665929223377,6.1158954616377965,5.716080618423393,5.919956185189227,6.201455371465484,6.152917896161275,7.07156046926581
Brazil_DUP2_farm6_field354_soybean_2022,Brazil|soybean,4.1620683670043945,4.141856733015028,4.613209554761065,4.021254868939673,4.287042927698983,4.419724212795703,4.462868128049381,4.230694043324073,4.2495970602712365,4.1048880693644945
Brazil_DUP2_farm6_field358_corn_2024,Brazil|corn,7.944735050201416,6.680697711308797,5.794004427517792,6.222317480548618,6.479949351618499,6.675849029511969,5.901814574165735,6.683136051714962,6.682407349494663,5.961752170713265
Brazil_DUP2_farm6_field361_soybean_2021,Brazil|soybean,4.1926679611206055,4.141856733015028,4.508014918941738,4.485700687291992,4.232643660758463,4.134748423738823,4.21756617112995,4.048992673438086,4.05756824846816,4.388375027563083
Brazil_DUP2_farm6_field371_soybean_2023,Brazil|soybean,3.2868411540985107,4.141856733015028,4.3872645541126225,4.279915842328042,4.234379163338493,4.1541602885311715,4.469030298749469,4.183734463177911,4.180777045713238,4.249250858716172
Brazil_DUP2_farm6_field372_corn_2020,Brazil|corn,10.143900871276855,6.680697711308797,6.192289629100322,5.953224311455854,7.868370450943845,8.456198036194479,8.15721859658259,8.21772029477359,8.24156806891568,8.941473251214308
Brazil_DUP2_farm6_field373_corn_2019,Brazil|corn,7.1012959480285645,6.680697711308797,5.801224094689414,5.663629612401213,5.608557805133691,5.641273599947491,5.770546114032624,6.054842859129141,6.013485933210975,5.3077670713753236
Brazil_DUP2_farm6_field377_soybean_2021,Brazil|soybean,4.079043388366699,4.141856733015028,4.536679882732334,4.534394257189141,4.306655779261333,4.256519059525677,4.351812763220395,4.187281203673545,4.1942049892587585,4.471244024364207
Brazil_DUP2_farm6_field382_wheat_2019,Brazil|wheat,3.7733302116394043,3.7483099491224374,4.081250490694249,4.113106751438212,3.940573237593557,4.004075562326938,3.9980467847099344,3.8770507949681754,3.8897532717040515,4.074077752694528
Brazil_DUP2_farm6_field385_soybean_2023,Brazil|soybean,4.831797122955322,4.141856733015028,4.3174745439814215,4.035640331960153,4.19816648421366,4.250747871145074,3.8793146511588934,3.9174495086270196,3.950779344878825,4.096254361113661
Brazil_DUP2_farm6_field390_wheat_2022,Brazil|wheat,3.507200241088867,3.7483099491224374,4.011219036118533,3.870537785596015,3.6451524645756916,3.5160402324207864,2.6398395555888823,3.595999717043258,3.588003768581011,3.58789548890875
Brazil_DUP2_farm6_field392_soybean_2019,Brazil|soybean,3.5063679218292236,4.141856733015028,3.8669638340236636,3.7233734106666514,3.8260303841659873,3.6101925840006044,3.4167247829727847,3.538861480074788,3.5459945904673695,3.5046978406529163
Brazil_DUP2_farm6_field398_soybean_2019,Brazil|soybean,4.125811576843262,4.141856733015028,3.874034536350613,3.6424035569955793,3.867283771451715,3.683076050665439,3.647564315416466,3.482255883406327,3.502337900132238,3.737050806017682
Brazil_DUP2_farm6_field402_corn_2020,Brazil|corn,5.578191757202148,6.680697711308797,6.446877035249658,6.901850580036102,6.732425211864463,7.088914933413818,7.913641814189269,7.889542955463149,7.8094801532582165,7.170124188044336
Brazil_DUP2_farm6_field405_wheat_2018,Brazil|wheat,5.12394380569458,3.7483099491224374,2.091647759030917,2.5790837971578027,4.035384272180855,4.331990915519736,3.6836058588453318,4.101401716476911,4.124460636381194,3.554313557040568
Brazil_DUP2_farm6_field408_corn_2019,Brazil|corn,6.854948043823242,6.680697711308797,5.9763520203661455,5.631068465404255,6.011524451502181,5.131283030789147,5.025117063830476,6.26826986496525,6.15457118154764,6.180147694200795
Brazil_DUP2_farm6_field413_soybean_2018,Brazil|soybean,4.2945685386657715,4.141856733015028,4.231071584577744,4.10424361765839,3.9861207340661746,3.8677421690287934,4.092743779134868,4.123354927714449,4.097793651845883,3.4205161471438856
Brazil_DUP2_farm6_field416_corn_2023,Brazil|corn,2.661848783493042,6.680697711308797,5.450422315195087,4.653970194903762,4.565333693637017,4.121502925538513,4.641104543525916,4.4768270486502235,4.441294636339053,4.046057197843078
Brazil_DUP2_farm6_field419_soybean_2021,Brazil|soybean,4.081830978393555,4.141856733015028,4.503134314946049,4.395589971077217,4.08851839916507,3.8651097309155884,3.9944946717455174,4.025333800719136,4.009311393738781,4.249560226336614
Brazil_DUP2_farm6_field424_soybean_2021,Brazil|soybean,4.107974052429199,4.141856733015028,4.4998254493274725,4.4025791661762215,4.156527879220197,4.134853180586207,3.9858383517988756,4.15279344961831,4.150999422715099,4.0894184240952125
Brazil_DUP2_farm6_field442_corn_2020,Brazil|corn,5.412701606750488,6.680697711308797,6.409911327924923,7.018213383546307,5.938347732567202,5.79195318201022,6.893720108667568,6.551885549399985,6.475892312661007,6.514135357441869
Brazil_DUP2_farm6_field446_corn_2017,Brazil|corn,7.504764556884766,6.680697711308797,6.63414102851536,6.781033059918732,6.43857990901147,7.3717507540286435,7.736546704608974,6.827352331621508,6.881792173862222,8.012868798266101
Brazil_DUP2_farm6_field457_soybean_2018,Brazil|soybean,4.795234680175781,4.141856733015028,4.190237127447552,4.240803921151432,4.280103834953185,4.639546652181599,4.257898126033885,4.312002482339166,4.344756899323409,3.7241414677165596
Brazil_DUP2_farm6_field458_corn_2024,Brazil|corn,6.387229919433594,6.680697711308797,6.450969253934236,6.899211158316987,6.383331490776977,6.2966154493136495,5.9819854295916475,6.1494733475348315,6.164187557712713,5.701300975770586
Brazil_DUP2_farm6_field460_wheat_2022,Brazil|wheat,3.684356212615967,3.7483099491224374,4.165867540355041,3.840859811068538,3.8865167704143424,4.0557658933653995,3.6148457422158526,3.8283764850808297,3.8511154259092866,3.8638138229444072
Brazil_DUP2_farm6_field472_soybean_2021,Brazil|soybean,3.885075092315674,4.141856733015028,4.5121788753872405,4.6133022503837475,4.225312479626518,4.220807114831344,4.309209363376586,4.1104004140805985,4.1214410841556735,4.124375389000851
Brazil_DUP2_farm7_field479_soybean_2018,Brazil|soybean,2.7960479259490967,4.141856733015028,3.4331097191857256,4.05267026962155,3.8582578690898526,3.9738686934591527,4.008523268167664,3.7520196193839066,3.7742045267914315,4.007539058415706
Brazil_DUP2_farm7_field482_soybean_2019,Brazil|soybean,2.4720380306243896,4.141856733015028,3.888599283206536,3.924582388303101,4.013038956946445,3.9424866795453504,3.6773118905101043,3.8858541719291324,3.8915174226907543,3.60798714571591
Brazil_DUP2_farm7_field484_soybean_2017,Brazil|soybean,3.841712236404419,4.141856733015028,3.4610182175034954,3.7199750601194745,3.747194725863738,3.803522376889515,3.6731346172587185,3.629385315418992,3.646799021566044,3.660794267675077
Brazil_DUP2_farm7_field486_soybean_2019,Brazil|soybean,2.5930209159851074,4.141856733015028,3.874541755138031,3.9340726000718433,3.972607877083755,4.02278535379728,3.7865016360606587,3.882301627031806,3.8963499997083533,3.6689374644348502
Brazil_DUP2_farm7_field487_soybean_2019,Brazil|soybean,2.331937789916992,4.141856733015028,3.831031217427307,3.8880515685427275,3.784137062852317,3.830608226021705,3.7710476372367294,3.6837439191950225,3.698430349877691,3.698948769389194
Brazil_DUP2_farm9_field502_soybean_2022,Brazil|soybean,4.081422328948975,4.141856733015028,4.413242277233389,4.277056396691781,4.2223723188758235,4.20812242711565,4.363489937333359,4.185884032403586,4.188107871874793,4.158841315841228
Brazil_DUP2_farm9_field510_wheat_2020,Brazil|wheat,3.1211400032043457,3.7483099491224374,3.751755863298899,3.788924389897351,3.6081234614091655,3.332606447272628,3.04173512390034,3.5385534094311226,3.517958713215273,3.688062196113022
Brazil_DUP2_farm9_field514_soybean_2018,Brazil|soybean,4.365799427032471,4.141856733015028,4.308479258688606,4.417070395627341,4.191153579679323,4.085355439095226,4.410769927778663,4.239091683314173,4.2237180588922785,4.198136688058613
Brazil_DUP2_farm9_field519_corn_2023,Brazil|corn,7.775006294250488,6.680697711308797,7.1181047639861985,7.154195997711853,7.371113309574411,7.224656849634711,7.207695987159532,7.2976843442919375,7.290381594826215,5.9713008781592665
Brazil_DUP2_farm9_field528_wheat_2023,Brazil|wheat,2.8958580493927,3.7483099491224374,3.87247323801183,3.315092457377477,3.1427860184307064,2.780183971436606,2.6016169767975548,3.1233537533502482,3.089036775158884,2.7852930695095868
Brazil_DUP2_farm9_field545_soybean_2019,Brazil|soybean,3.7210769653320312,4.141856733015028,4.026278907733177,3.8288616445065324,3.9547086945746157,3.7961298678560227,3.730633770152368,3.6880932303538203,3.6988968941040405,3.251706919484004
Germany_DUP3_farm1_field10_wheat_2016,Germany|wheat,9.957723617553711,9.758280831796151,8.954230735382207,9.450362486151311,9.623784830339366,10.193627058022395,10.139484641586701,9.48036681928801,9.55169284316145,9.255497039978662
Germany_DUP3_farm1_field22_rapeseed_2016,Germany|rapeseed,5.980362415313721,4.479201480962228,3.04806102711908,4.143541258539424,4.317026187491014,5.182047071017336,4.597694001817014,4.193755607248329,4.29258475362523,4.678026325579305
Germany_DUP3_farm1_field24_rapeseed_2017,Germany|rapeseed,6.159890174865723,4.479201480962228,4.861844976509541,5.125205083943519,4.313939311188939,5.014914664714019,3.905917113133745,4.44031390329113,4.497773979433418,4.860083555890648
Germany_DUP3_farm1_field2_wheat_2016,Germany|wheat,11.239669799804688,9.758280831796151,8.952165151610055,10.372121595213615,9.557307646612088,10.060682080583089,9.967625787331675,9.08769124895051,9.184990332113768,9.40085571553342
Germany_DUP3_farm1_field30_wheat_2017,Germany|wheat,11.840201377868652,9.758280831796151,10.649476774401629,11.41700064897087,10.312242137571161,11.483677149688816,10.25752062707003,10.487696178484411,10.587294275604853,11.147215732033377
Germany_DUP3_farm1_field33_wheat_2016,Germany|wheat,8.857559204101562,9.758280831796151,8.56921901070496,9.357371360482308,9.088733123741056,9.262865916658331,9.243603232663093,8.781164546759472,8.829334683749359,8.468829422103113
Germany_DUP3_farm1_field34_wheat_2017,Germany|wheat,14.349177360534668,9.758280831796151,11.46428737154904,12.888806050886922,11.255496250238402,12.05404847335466,9.860272999368261,10.941332305838571,11.05260392259018,10.989690371509493
Germany_DUP3_farm1_field36_wheat_2017,Germany|wheat,13.383131980895996,9.758280831796151,10.75928114822166,13.966307920383642,10.760309512464946,12.945559921571107,12.324591407698142,10.748838463670234,10.96851060946032,11.843609226823261
Germany_DUP3_farm1_field39_wheat_2019,Germany|wheat,8.287920951843262,9.758280831796151,9.474533346845824,9.427473811153169,9.289676314976713,9.547759896790605,9.013675403706916,9.003645626462422,9.05805705349524,8.7100276082634
Germany_DUP3_farm1_field42_wheat_2019,Germany|wheat,10.541364669799805,9.758280831796151,10.647222828833256,11.549050866247573,10.273316143431419,11.473070823224838,10.568002008370955,10.226615694131372,10.351261207040718,11.345168416296028
Germany_DUP3_farm1_field43_wheat_2016,Germany|wheat,12.243258476257324,9.758280831796151,8.860080644605183,9.297329956795,9.141934956832932,10.424681918016738,10.49057588574392,9.097993340555025,9.230662198301195,9.11971366224801
Germany_DUP3_farm1_field46_wheat_2019,Germany|wheat,9.841507911682129,9.758280831796151,10.725515031003727,10.740300231747074,10.264516277240158,10.67544550162508,9.987929878886323,10.097523373462176,10.155315586278467,10.192767029468424
Germany_DUP3_farm1_field4_rapeseed_2016,Germany|rapeseed,4.564465522766113,4.479201480962228,3.742079857281877,4.515183102907105,4.593144057270709,4.916729921826275,4.7527077451633115,4.7775492147978476,4.791467285500691,5.036065033720492
Germany_DUP3_farm1_field61_wheat_2019,Germany|wheat,8.98876953125,9.758280831796151,9.090952084502195,8.201723435554207,9.409099509375201,9.33159357036156,10.04199642957805,9.159883265825316,9.177054296278941,8.808670133210306
Germany_DUP3_farm1_field62_wheat_2019,Germany|wheat,8.745471000671387,9.758280831796151,9.993659816380655,9.74512988904484,10.095579105828417,9.546006486559445,10.454044661552826,9.734036524866614,9.715233521035897,9.540215022573602
Germany_DUP3_farm1_field8_rapeseed_2016,Germany|rapeseed,4.611868858337402,4.479201480962228,2.685444630774046,4.433672646541943,4.6762669571586954,4.866739308522898,4.539593483162963,4.807086739427738,4.813051996337253,4.6687966089117605
Germany_DUP3_farm2_field129_wheat_2021,Germany|wheat,9.400776863098145,9.758280831796151,10.052681018461024,9.222865057018089,9.73514810821183,9.923830938722979,10.877094258383897,9.858945268902984,9.865433835884982,10.52244518461038
Germany_DUP3_farm2_field143_wheat_2016,Germany|wheat,13.214431762695312,9.758280831796151,10.248859269577405,11.1459335519245,9.879619927293433,10.10271625533413,10.507711581527087,10.054238203031504,10.059086008261767,10.675833887701726
Germany_DUP3_farm2_field146_rapeseed_2021,Germany|rapeseed,5.823606967926025,4.479201480962228,5.532052973999592,5.233526768423641,5.125323101865258,4.959619222460081,5.119778181465538,5.222702623805764,5.196394283671196,4.932523002395437
Germany_DUP3_farm2_field158_wheat_2018,Germany|wheat,7.912439823150635,9.758280831796151,10.166220355124675,9.7992353217281,9.67977320136081,9.850742655126728,9.549210170195325,9.552217753320173,9.582070243500828,9.33188070649033
Germany_DUP3_farm2_field165_wheat_2019,Germany|wheat,9.81688117980957,9.758280831796151,9.51697359406963,9.046245219545215,9.72233023480427,9.159637057975946,8.844797752987235,9.760615650810484,9.70051779152703,9.30952777375675
Germany_DUP3_farm2_field166_wheat_2020,Germany|wheat,10.155292510986328,9.758280831796151,10.2122417150719,9.857325627169848,9.78965166188219,9.794553206061073,8.518369813004574,9.674036332014282,9.68608801941896,9.168091676643439
Germany_DUP3_farm2_field173_rapeseed_2020,Germany|rapeseed,6.68973970413208,4.479201480962228,5.373649688464317,5.566387065588191,5.639893318925456,6.245595628892645,6.000688537511925,5.930819311603181,5.962296943332127,5.496005719391862
Germany_DUP3_farm2_field175_wheat_2021,Germany|wheat,8.070727348327637,9.758280831796151,10.207520411192629,8.701430038054113,9.4842013578899,9.532636745678685,9.066605243242007,9.305971073378295,9.328637640608333,8.615863019917455
Germany_DUP3_farm2_field181_wheat_2017,Germany|wheat,8.252382278442383,9.758280831796151,9.944460943769844,10.400550554848587,9.705249955568299,9.403020082379467,9.14447314003103,9.53178361929278,9.518907265601449,9.536784988376327
Germany_DUP3_farm2_field187_wheat_2017,Germany|wheat,10.516670227050781,9.758280831796151,10.303395925870982,10.219451496782819,10.150358170976979,10.769629416938496,11.11171190326298,10.25251338501805,10.304224988210095,11.347127720096005
Germany_DUP3_farm2_field188_wheat_2017,Germany|wheat,10.036564826965332,9.758280831796151,9.901088561494191,10.727485428638383,10.138923197318745,9.819569021503725,11.539279945869502,10.273546968462924,10.228149173767004,10.78360956127054
Germany_DUP3_farm2_field199_rapeseed_2022,Germany|rapeseed,4.540452480316162,4.479201480962228,5.266945750941774,4.86965870748177,4.813159550269737,4.552704405170813,4.460939159902342,4.685980134787968,4.672652561826252,4.594292485842812
Germany_DUP3_farm2_field204_wheat_2022,Germany|wheat,9.003789901733398,9.758280831796151,9.305047865060018,9.087607257255582,9.350236332516165,9.825134743976514,8.895587391282143,9.550823664566874,9.578254772507838,9.334707412630918
Germany_DUP3_farm2_field212_wheat_2022,Germany|wheat,7.30798864364624,9.758280831796151,8.70001383892922,9.1079909037995,9.274537773961155,8.53321639162437,9.134783470888049,9.064308968576752,9.011199710881513,9.802562813265709
Germany_DUP3_farm2_field77_wheat_2021,Germany|wheat,8.754390716552734,9.758280831796151,9.528255794084766,9.144467574436188,9.594916258142115,9.388100440281669,8.963529927717923,9.56142789063479,9.544095145599476,10.243953654693229
Germany_DUP3_farm3_field227_wheat_2019,Germany|wheat,4.91508674621582,9.758280831796151,8.263439165183867,8.185984166181424,8.067519351625387,7.531216224347942,8.47292598156999,8.249890931270583,8.17802346057832,8.598951925568587
Germany_DUP3_farm3_field230_rapeseed_2020,Germany|rapeseed,3.5180726051330566,4.479201480962228,3.7236938922913,3.344423424185683,3.71395475010097,3.278540331927278,3.418651872799745,3.6402865971551237,3.6041119706323395,3.282692458756098
Germany_DUP3_farm3_field236_rapeseed_2017,Germany|rapeseed,2.8401525020599365,4.479201480962228,3.6244617384787583,4.438598411880347,4.234096736228863,4.206252327442398,4.35024448608915,4.485671952440507,4.457729989940696,4.936850924764497
Germany_DUP3_farm3_field240_rapeseed_2018,Germany|rapeseed,3.135594606399536,4.479201480962228,3.9157206215245655,4.010569167824691,3.802954440292845,3.5488899406471495,3.3296199399725324,3.910883272230289,3.874683939071975,3.184020226227584
Germany_DUP3_farm4_field244_wheat_2019,Germany|wheat,7.964092254638672,9.758280831796151,8.932175988859427,10.589050717538655,10.289392980000015,10.7118189966786,10.281075984636423,10.072528427201114,10.136457484148863,10.272027130914077
Germany_DUP3_farm4_field252_wheat_2020,Germany|wheat,8.948681831359863,9.758280831796151,9.22469087861568,9.445610571557772,10.203564523798445,9.807513481545653,9.565294548962392,9.811068942844509,9.810713396714624,9.73122380271829
Germany_DUP3_farm4_field254_rapeseed_2016,Germany|rapeseed,4.692387580871582,4.479201480962228,3.7809747873813877,4.2613129210715055,4.354631043784948,4.058589653996187,4.337296209081822,4.366331299697622,4.335557135127479,4.511917850758492
Germany_DUP3_farm4_field256_rapeseed_2017,Germany|rapeseed,2.44274640083313,4.479201480962228,4.9170306969533435,4.501332506457816,5.146933356476707,5.19716238297442,4.082772010702469,4.552670144527606,4.617119368372287,5.116921950892042
Germany_DUP3_farm4_field259_rapeseed_2017,Germany|rapeseed,4.868704795837402,4.479201480962228,4.695685037359809,4.585619266064662,4.6088831309635685,4.681982676185254,4.6193151221060145,4.548370856195779,4.5617320381947275,4.651465794162143
Germany_DUP3_farm5_field268_wheat_2017,Germany|wheat,10.005956649780273,9.758280831796151,9.197786375488985,9.257741497296701,9.503289947020408,9.166812918071743,9.586522376433441,9.19149942806431,9.189030777065053,8.828178957390602
Germany_DUP3_farm5_field271_rapeseed_2017,Germany|rapeseed,1.0973284244537354,4.479201480962228,3.918487170980609,4.057905198680973,4.638289924453481,4.811846289769003,4.098017644513318,4.701531164516505,4.712562677041755,3.9169202253913067
Germany_DUP3_farm6_field284_rapeseed_2020,Germany|rapeseed,3.4589855670928955,4.479201480962228,4.302885282416249,4.128377305247183,4.405667906731467,4.248222909824347,4.6126906295914525,4.301527099475566,4.296196680510444,4.633949498379186
Uruguay_DUP4_farm10_field309_soybean_2019,Uruguay|soybean,3.8736040592193604,2.4098708967710363,3.425895572424114,3.3668949854958177,3.5987021353025526,4.049060054590215,3.85529532543712,3.697905258948626,3.733020738512785,3.8160922321102833
Uruguay_DUP4_farm10_field319_soybean_2019,Uruguay|soybean,4.398415565490723,2.4098708967710363,3.458278170544899,3.691885644547282,3.6151344189942183,4.038520836128999,3.7063098644093166,3.721568652896842,3.753263871220058,3.8233949027570304
Uruguay_DUP4_farm10_field329_soybean_2020,Uruguay|soybean,2.9296987056732178,2.4098708967710363,2.570912794395775,2.518494855596833,2.474211084812139,2.408265268294391,2.497021735223528,2.406158404319854,2.4063690907173076,2.2737836716326925
Uruguay_DUP4_farm10_field333_soybean_2021,Uruguay|soybean,2.409923791885376,2.4098708967710363,2.385514211849856,2.0398348125896564,2.350386069135879,2.1977508821645397,1.533257416629159,2.281717655363178,2.273320978043314,2.3439242633452335
Uruguay_DUP4_farm10_field350_soybean_2021,Uruguay|soybean,1.7333228588104248,2.4098708967710363,2.6536915843613103,2.038889904562587,2.6259521852515686,2.444720470923356,2.271427448824132,2.3227056025024844,2.3349070893445716,2.4208525678122235
Uruguay_DUP4_farm10_field358_soybean_2021,Uruguay|soybean,2.3653085231781006,2.4098708967710363,1.8305414760305347,2.2954299879178377,2.501157382121336,2.6293775016382326,1.9807446776976387,2.4297960172960127,2.449754165730235,2.3405837749333553
Uruguay_DUP4_farm10_field369_soybean_2018,Uruguay|soybean,1.1631176471710205,2.4098708967710363,1.9230311924306147,1.4926049019545746,1.239136384254345,1.3954115660896258,1.3438682979214684,1.350863293103375,1.355318120402,1.1754689177648054
Uruguay_DUP4_farm10_field372_soybean_2018,Uruguay|soybean,0.8646675944328308,2.4098708967710363,1.7214098085624743,1.5867021930323442,1.21448558590893,1.3171095518461906,1.3823827134923188,1.2457245263398813,1.2528630288905123,1.0813552649363742
Uruguay_DUP4_farm10_field390_soybean_2018,Uruguay|soybean,3.5092477798461914,2.4098708967710363,2.521360508841088,2.475275853868883,2.22960532861491,2.675043827233508,1.9721121052836987,2.493129925814549,2.511321315956445,1.6082939168033623
Uruguay_DUP4_farm10_field394_soybean_2018,Uruguay|soybean,1.339213252067566,2.4098708967710363,1.8011812139502759,2.041328540176587,1.360377394436398,1.4914237816573501,1.681333907936407,1.2796197803898155,1.3008001805165688,1.1011356934510828
Uruguay_DUP4_farm10_field399_soybean_2018,Uruguay|soybean,1.3458727598190308,2.4098708967710363,1.75522593088156,1.6654459982302017,1.2471382023643567,0.9946512877555387,1.9301930856493938,1.221444710381781,1.1987653681191566,1.129970675940489
Uruguay_DUP4_farm10_field408_soybean_2018,Uruguay|soybean,1.6810129880905151,2.4098708967710363,2.085124378972227,2.010087872280622,1.4479308406713278,1.5289982834872728,1.588280066129007,1.4488103995436368,1.4568291879380006,1.282846755944465
Uruguay_DUP4_farm10_field409_soybean_2018,Uruguay|soybean,1.8256875276565552,2.4098708967710363,2.140556473216993,2.0035001029951887,1.7202175692374277,1.5123717299161425,1.331752830562197,1.5111031073658647,1.5112299696208926,1.1243908289456366
Uruguay_DUP4_farm10_field418_soybean_2018,Uruguay|soybean,1.3720719814300537,2.4098708967710363,1.9473106815061445,1.7457269610573847,1.3383488510357917,1.423913262455721,1.5760108688330257,1.3773976033522415,1.3820491692625894,1.2973823021231459
Uruguay_DUP4_farm10_field419_soybean_2018,Uruguay|soybean,1.1247838735580444,2.4098708967710363,1.836988961924775,1.6772752612563546,1.4314893431921538,1.131553205718899,1.5246342382789018,1.5217667222690534,1.4827453706140379,1.1457430745813058
Uruguay_DUP4_farm10_field421_soybean_2018,Uruguay|soybean,1.3511348962783813,2.4098708967710363,1.8815568076251852,1.7872592247658992,1.7164209586055035,2.200880126330512,1.7689396998798972,1.6301867934239263,1.687256126714585,1.584673848859051
Uruguay_DUP4_farm10_field425_soybean_2018,Uruguay|soybean,0.7332263588905334,2.4098708967710363,1.3241456151172881,1.3692623057325737,1.1866775418798567,0.9607381704203333,1.056717220301626,1.3071775341358114,1.2725335977642636,1.1857450159794307
Uruguay_DUP4_farm10_field430_soybean_2018,Uruguay|soybean,1.473268985748291,2.4098708967710363,1.6614890159962843,1.351400610138061,1.3216703763554887,1.352365171332026,1.328765058130455,1.3215881539206913,1.3246658556618247,1.229616694328788
Uruguay_DUP4_farm10_field437_soybean_2018,Uruguay|soybean,3.446382761001587,2.4098708967710363,1.4313225004477923,1.8233629091344667,1.4063689071566972,1.380597527373792,1.2000443709961823,1.395938530857381,1.3944044305090222,1.340621348730149
Uruguay_DUP4_farm10_field454_soybean_2018,Uruguay|soybean,1.909615159034729,2.4098708967710363,2.4563720136378597,2.635124908821691,2.3821115183967922,2.123106677216376,2.764033089465113,2.295439100890079,2.2782058585227083,2.2183360259206624
Uruguay_DUP4_farm10_field458_soybean_2018,Uruguay|soybean,1.497491717338562,2.4098708967710363,1.5615972876684756,1.7311621676354796,1.213551218726357,1.1192592274584923,1.1798095234030184,1.085800484401802,1.089146358707471,1.0289083875365472
Uruguay_DUP4_farm10_field461_soybean_2018,Uruguay|soybean,1.1287587881088257,2.4098708967710363,1.6576262845026726,1.6571610170956799,1.27847736816275,1.2163800537246252,1.8591005052350222,1.3206127280833724,1.3101894606474975,1.2654675128945845
Uruguay_DUP4_farm10_field467_soybean_2018,Uruguay|soybean,2.1153945922851562,2.4098708967710363,2.122106903270501,2.0377411660644418,2.0412442342411055,2.417624230788918,1.6653011755720986,1.988339902172645,2.031268335034272,1.5260515308359195
Uruguay_DUP4_farm10_field486_soybean_2022,Uruguay|soybean,3.1260085105895996,2.4098708967710363,3.4102348719131377,3.0797285089815323,2.933493293355805,2.8911353318090907,3.7161075266973764,3.0090691711859248,2.9972757872482414,3.0310832891461574
Uruguay_DUP4_farm10_field492_soybean_2022,Uruguay|soybean,3.2779622077941895,2.4098708967710363,3.077521170406518,3.752467136140308,3.7490671179753123,3.8029320300678346,4.256862585582664,3.7850082308435082,3.7868006107659413,3.8600815762015284
Uruguay_DUP4_farm10_field494_soybean_2022,Uruguay|soybean,3.261688470840454,2.4098708967710363,3.380186064160256,3.045651829881722,3.115000032200798,3.0851612537273185,3.5108254407017663,3.2243137276277594,3.2103984802377155,2.882692583114503
Uruguay_DUP4_farm10_field499_soybean_2022,Uruguay|soybean,2.7335948944091797,2.4098708967710363,3.0684505946907805,3.7437864238493463,3.65749619631933,3.796824467466359,3.9449580672485967,3.704778241231642,3.713982863855114,3.5897612046091005
Uruguay_DUP4_farm10_field501_soybean_2022,Uruguay|soybean,3.887279510498047,2.4098708967710363,2.173527918970003,2.4679915698172006,2.3650314601916635,2.845771832283633,3.243468540899766,2.6571323290333564,2.675996279358384,2.7300459318476036
Uruguay_DUP4_farm10_field507_soybean_2022,Uruguay|soybean,2.9458301067352295,2.4098708967710363,2.523627877092292,2.5390897130334182,3.2066912225857864,3.6386915018078625,2.7465205732098896,3.24235371661893,3.281987495137823,2.8745693333785884
Uruguay_DUP4_farm10_field509_soybean_2022,Uruguay|soybean,2.86220121383667,2.4098708967710363,2.9380479903011945,3.221433768640151,3.127795181824436,3.177603916279661,2.6525876038111504,3.032759707046729,3.0472441279700226,3.048793994126052
Uruguay_DUP4_farm10_field519_soybean_2022,Uruguay|soybean,3.1937015056610107,2.4098708967710363,2.8796011979106693,3.2534799566283477,3.3863250896122983,3.6891482809951084,3.2196358964239558,3.594072658783369,3.603580221004543,3.2687304658572396
Uruguay_DUP4_farm10_field545_soybean_2022,Uruguay|soybean,2.3786394596099854,2.4098708967710363,2.879943103161766,3.0434776044163256,2.745739486851156,2.63144813665799,3.366302964775859,2.84422780845884,2.822949841278755,2.789007657805921
Uruguay_DUP4_farm10_field549_soybean_2022,Uruguay|soybean,3.952338933944702,2.4098708967710363,2.3414128432749868,2.27925269299083,1.9965201599080733,1.9822614567154115,2.675195006343643,2.474636189436452,2.425398716164348,2.0549882948931546
Uruguay_DUP4_farm10_field550_soybean_2022,Uruguay|soybean,2.455794334411621,2.4098708967710363,2.0734606163605767,2.017079313054289,1.9436640664416176,1.8805029619693168,2.3691359509597394,1.9954746296544332,1.9839774628859217,2.019213239054219
Uruguay_DUP4_farm10_field554_soybean_2022,Uruguay|soybean,3.0977115631103516,2.4098708967710363,2.8580475453684064,3.250817982142423,3.7798036356243765,3.808037673235412,4.176594825454436,3.81895476119431,3.81786305239842,3.520602808055199
Uruguay_DUP4_farm10_field566_soybean_2019,Uruguay|soybean,3.392350435256958,2.4098708967710363,3.4988893921599757,3.8103598294611256,3.856566368053698,3.578943965816335,3.844129607362526,3.8430850094781563,3.816670905111974,3.913096414591415
Uruguay_DUP4_farm10_field572_soybean_2019,Uruguay|soybean,3.1449480056762695,2.4098708967710363,2.890121579027141,2.443222565322072,2.644313696140948,2.406338690837412,2.7808487718034103,2.9077188532052127,2.857580836968433,2.9596457188476544
Uruguay_DUP4_farm1_field3_soybean_2019,Uruguay|soybean,2.351896286010742,2.4098708967710363,3.3833657635358536,3.2853489467042865,3.42070860809276,3.32495038529518,3.376402010433418,3.488212968157791,3.47188670987153,3.923688666513847
Uruguay_DUP4_farm2_field11_soybean_2021,Uruguay|soybean,2.6270647048950195,2.4098708967710363,2.394691491063612,1.923542730101667,2.481619588187295,2.869954718760541,2.2355236171768342,2.4321445241779918,2.475925543636247,2.3704679544321516
Uruguay_DUP4_farm2_field12_soybean_2021,Uruguay|soybean,2.5545618534088135,2.4098708967710363,2.0980463347456166,2.1732489147693914,2.0332013533617026,2.1021468621825523,2.4296955862220653,2.130227197130466,2.1274191636356745,2.109786541170285
Uruguay_DUP4_farm2_field20_soybean_2021,Uruguay|soybean,2.225886821746826,2.4098708967710363,2.0776461826928734,2.0315813689126507,1.971086048266479,1.9748186714686065,2.006861787863498,2.1090452934280517,2.095622631232107,1.4213186421001474
Uruguay_DUP4_farm2_field26_soybean_2019,Uruguay|soybean,2.9249823093414307,2.4098708967710363,2.8063848575973287,2.499123945536064,3.053340296012431,2.997226487913509,3.006015113980352,3.171204229824022,3.153806455632971,2.948432056888131
Uruguay_DUP4_farm2_field27_soybean_2021,Uruguay|soybean,1.9300817251205444,2.4098708967710363,2.014961607364638,2.1976542347396033,2.4615464981001263,2.4959763472408327,2.108255802274809,2.2475286937339884,2.272373459084673,2.0810648135790792
Uruguay_DUP4_farm2_field31_soybean_2018,Uruguay|soybean,2.0568480491638184,2.4098708967710363,2.049713606929565,1.621703932382927,1.6346742669286165,2.027998674023272,1.474350072198817,1.5140158484444108,1.5654141310022969,1.0968028179127072
Uruguay_DUP4_farm2_field32_soybean_2018,Uruguay|soybean,0.8470730185508728,2.4098708967710363,2.7077395169378615,2.4155862256084215,2.353507773193794,2.417066866722149,1.7553351703858282,2.1831798173519883,2.2065685222890044,1.5354382602594632
Uruguay_DUP4_farm2_field33_soybean_2018,Uruguay|soybean,1.3993847370147705,2.4098708967710363,1.6158453460609912,1.2401922028426458,1.8628452859384257,2.1917456621146503,1.2678284377686018,1.8925883024044117,1.9225040383754355,1.43370104790605
Uruguay_DUP4_farm2_field39_soybean_2018,Uruguay|soybean,4.97405481338501,2.4098708967710363,2.705048156337237,2.5078595003886996,1.904386867324219,1.97415252714923,2.0842079101706537,1.9366081527477501,1.940362590187898,1.9026601000539274
Uruguay_DUP4_farm2_field8_soybean_2019,Uruguay|soybean,3.0108213424682617,2.4098708967710363,3.0128262233372,2.723291820812645,3.3646419799859064,3.7189039462732136,3.0444102418531354,3.359464580305153,3.395408516901959,3.2667276833619123
Uruguay_DUP4_farm2_field9_soybean_2020,Uruguay|soybean,1.4275484085083008,2.4098708967710363,2.2661159388054912,2.165886584745787,1.7487129996328967,1.466765326870287,2.137392770727099,1.783287603333867,1.751635375687509,1.626466138736692
Uruguay_DUP4_farm3_field63_soybean_2021,Uruguay|soybean,2.579521656036377,2.4098708967710363,2.5228927580995615,2.1899632492012735,2.7054891597778785,2.7601848364506636,2.3432258574916194,2.612866304751222,2.6275981579211662,2.859951343342168
Uruguay_DUP4_farm3_field70_soybean_2019,Uruguay|soybean,3.797386646270752,2.4098708967710363,2.8844025309947523,2.2673269824485844,2.63656485587275,2.0998683475693225,2.293501860352848,2.977382653705095,2.8896312230915178,2.3483427530352485
Uruguay_DUP4_farm3_field73_soybean_2019,Uruguay|soybean,3.78401780128479,2.4098708967710363,2.973829824569032,2.5388109658665683,3.058321190744217,2.6538766438570898,1.6948898832949273,2.8464335052552543,2.8271778191154375,2.828441054425851
Uruguay_DUP4_farm4_field106_soybean_2018,Uruguay|soybean,1.0942317247390747,2.4098708967710363,1.9492310850090808,1.6378562021123049,1.6487881994975853,1.5266933933153095,1.1425719891233241,1.6922668784686081,1.675709529953278,1.6698044293266545
Uruguay_DUP4_farm4_field117_soybean_2018,Uruguay|soybean,1.3852356672286987,2.4098708967710363,1.8947070894247298,1.7615094094593662,1.6358298873254138,1.1780932500453702,1.0934340780986078,1.6474137557430566,1.6004817051732878,1.3777083062392494
Uruguay_DUP4_farm4_field121_soybean_2018,Uruguay|soybean,0.9711331725120544,2.4098708967710363,1.5885785482330383,1.3591221094451287,1.7262051133520449,1.5778248849052514,1.6067817487480345,1.8068548096138828,1.7839518171430195,1.6234444513496493
Uruguay_DUP4_farm4_field123_soybean_2019,Uruguay|soybean,3.6124894618988037,2.4098708967710363,3.06815805196977,2.6107501200200156,2.8098865008936977,2.7247769792607057,2.87769082359944,3.1027959651611585,3.064994066571113,2.8257991860860097
Uruguay_DUP4_farm4_field129_soybean_2019,Uruguay|soybean,4.022403717041016,2.4098708967710363,2.673992978921207,2.2746164153590693,2.074628121475209,2.036198577115213,2.465096470200184,2.3320013804142667,2.302421100084361,2.536174821962426
Uruguay_DUP4_farm4_field132_soybean_2018,Uruguay|soybean,1.5064284801483154,2.4098708967710363,1.4983143943671575,1.4465724086850897,1.5308829443283734,1.5833487906724946,1.2995223224821435,1.5252560970556057,1.5310653664172946,1.3399603708305705
Uruguay_DUP4_farm4_field148_soybean_2022,Uruguay|soybean,3.7745838165283203,2.4098708967710363,2.728714148948173,3.1658733951174365,2.4820928482951956,2.4177163545748224,3.4052900517518023,3.207605140517969,3.128616261923654,3.358527654080425
Uruguay_DUP4_farm4_field152_soybean_2022,Uruguay|soybean,3.371297836303711,2.4098708967710363,2.6424779224017874,3.113130408910129,2.3326782697606316,2.102861390656096,3.2127078779795557,3.0304190385788203,2.937663273786548,3.43511112219339
Uruguay_DUP4_farm4_field166_soybean_2019,Uruguay|soybean,3.933269739151001,2.4098708967710363,3.3326398935581683,3.3368408520635784,3.6406406696629503,3.4193621370619773,3.466763002426757,3.6010460546241045,3.582877662867892,3.8162460927165442
Uruguay_DUP4_farm4_field75_soybean_2019,Uruguay|soybean,4.676286220550537,2.4098708967710363,3.371322149444328,3.0605061477543747,3.2323033255257427,3.2748938469118185,3.439544089450348,3.5084961508100743,3.485135920420249,3.7343803149615598
Uruguay_DUP4_farm4_field76_soybean_2019,Uruguay|soybean,3.76745867729187,2.4098708967710363,2.9842322804822228,2.3949750906332614,3.378129665103203,3.552359718929826,3.046204830245234,3.256192596942379,3.285809309141124,3.0206576114382613
Uruguay_DUP4_farm4_field80_soybean_2019,Uruguay|soybean,3.9741175174713135,2.4098708967710363,3.310255640230419,3.394603188558634,3.5838108536022677,3.6613021255282088,3.770811064068944,3.548226368005648,3.559533943757904,4.114653160139936
Uruguay_DUP4_farm4_field89_soybean_2021,Uruguay|soybean,1.9347290992736816,2.4098708967710363,1.734633128744249,1.5623040505722265,1.665926026490949,1.576721878037795,1.4976401836696431,1.6964192332101795,1.684449497692941,1.5912504816618351
Uruguay_DUP4_farm4_field91_soybean_2021,Uruguay|soybean,1.702459454536438,2.4098708967710363,1.9787728403339933,1.692844691074429,1.5653843127966423,1.42517950470352,1.5400648759999278,1.586399872246341,1.570277835492059,1.7298129847091477
Uruguay_DUP4_farm4_field94_soybean_2021,Uruguay|soybean,2.57528018951416,2.4098708967710363,1.6866196681727237,2.0891310607002542,1.7885521817571064,1.7804579632078172,1.9593266054517418,1.8499342811661843,1.8429866493703475,1.9738557226031248
Uruguay_DUP4_farm4_field98_soybean_2021,Uruguay|soybean,1.243234634399414,2.4098708967710363,1.8688548751133625,1.7063587094209471,1.7271239836059789,1.563609999122498,1.314686479928486,1.6357829689537282,1.6285656719706052,1.3450312194370035
Uruguay_DUP4_farm6_field174_soybean_2019,Uruguay|soybean,2.2168068885803223,2.4098708967710363,2.588782678940494,2.6247743592153987,2.407395656487206,2.4990277304718487,2.764902980653339,2.543071799933705,2.538667392987519,2.6593833727310594
Uruguay_DUP4_farm7_field182_soybean_2020,Uruguay|soybean,3.28501033782959,2.4098708967710363,2.5435237010616962,2.7847235030292183,3.1826825276751123,3.3583148530985314,3.0418890077511156,3.140728770747261,3.162487378982388,3.0575069671763946
Uruguay_DUP4_farm7_field188_soybean_2018,Uruguay|soybean,4.035690784454346,2.4098708967710363,1.3937318635088363,1.4798704449234852,1.455733480914576,1.4339492938411023,1.2809443860563916,1.474362359512594,1.4703210529454447,1.2793837247273208
Uruguay_DUP4_farm7_field190_soybean_2018,Uruguay|soybean,1.6221749782562256,2.4098708967710363,1.4380015556356043,1.331931995223491,1.4686426738620906,1.3369340005785821,1.5744061835359835,1.4794691242644096,1.4652156118958266,1.2840642785327956
Uruguay_DUP4_farm7_field194_soybean_2018,Uruguay|soybean,1.3293033838272095,2.4098708967710363,1.4479622785266035,1.2811947428218613,1.5986915013835206,1.4736728610959147,1.4234282692551523,1.5464006428257782,1.5391278646527917,1.4167749541796688
Uruguay_DUP4_farm7_field197_soybean_2018,Uruguay|soybean,2.2386724948883057,2.4098708967710363,2.204588042368844,1.8523663843741562,1.7995304419946885,1.69172471835501,1.8412606322587062,1.856091555360441,1.8396548716598977,1.4506618445937929
Uruguay_DUP4_farm7_field207_soybean_2018,Uruguay|soybean,1.8242532014846802,2.4098708967710363,2.318641635711719,2.3850710881237323,2.4987238659808084,2.8209385168020757,1.7750239839377828,2.0959986720459507,2.1684926565215634,1.6020972652111505
Uruguay_DUP4_farm7_field210_soybean_2018,Uruguay|soybean,1.7316771745681763,2.4098708967710363,1.6942915523822188,2.204803073637777,1.5590321713786608,1.7743963565570593,2.3881058165862243,1.899526263401323,1.8870132727168967,1.8108124857370593
Uruguay_DUP4_farm7_field212_soybean_2018,Uruguay|soybean,1.7255641222000122,2.4098708967710363,1.2519106550916486,1.1584692458442798,1.5476744402853266,1.2628917413056506,1.2289961893650119,1.515032608258947,1.4898185215636173,1.4886257167470938
Uruguay_DUP4_farm7_field225_soybean_2019,Uruguay|soybean,4.352810859680176,2.4098708967710363,3.222279416931166,3.053200234426912,3.5548657460578292,3.367606779398515,3.5257228859493113,3.517836196007207,3.502813254346338,3.5229050089984613
Uruguay_DUP4_farm7_field226_soybean_2019,Uruguay|soybean,3.109001398086548,2.4098708967710363,3.163122867899111,2.936052239899076,3.3206854127546186,3.2792199648474396,3.8247228990723894,3.0826309875487974,3.1022898852786613,2.7512634521547716
Uruguay_DUP4_farm8_field243_soybean_2019,Uruguay|soybean,3.3115487098693848,2.4098708967710363,3.3477620819472307,3.410746268348562,3.7220415733600545,3.723931768742549,3.6782703888458776,3.7130926429309787,3.7141765555121355,3.60093945008843
Uruguay_DUP4_farm8_field245_soybean_2021,Uruguay|soybean,1.3890055418014526,2.4098708967710363,2.2658569963349207,2.3124357442208887,2.075277405255191,1.949084233010085,2.673001623362616,2.196933805827888,2.172148848546108,2.894422216487392
Uruguay_DUP4_farm8_field252_soybean_2019,Uruguay|soybean,2.2136690616607666,2.4098708967710363,2.7175363899589557,2.5174034820528948,2.659125980459655,2.727617359203782,2.2331502747172878,2.5350958352712123,2.5543479876644692,2.6927502052148724
Uruguay_DUP4_farm8_field254_soybean_2019,Uruguay|soybean,2.3891501426696777,2.4098708967710363,2.1928890578730456,2.1615717560167877,2.1083810784867913,2.089958858328951,2.2479513434446425,2.156903955246515,2.1502094455547587,2.6703454706533853
Uruguay_DUP4_farm8_field257_soybean_2019,Uruguay|soybean,3.613403081893921,2.4098708967710363,2.8637804745853397,2.1130287945362665,2.3579421842909167,2.5351530886330034,1.9140468492460447,2.612604264409055,2.6048591468314495,2.753884498717796
Uruguay_DUP4_farm8_field258_soybean_2019,Uruguay|soybean,3.1082310676574707,2.4098708967710363,3.116602996838449,2.4922411116180805,2.9162311324928676,2.9648064716528557,2.9936889947195753,2.8674937981614455,2.8772250655105864,2.9153565346837103
Uruguay_DUP4_farm9_field265_soybean_2019,Uruguay|soybean,2.1042425632476807,2.4098708967710363,2.106370764359406,1.5052379480824487,2.1230254493948566,2.2407647370220687,2.0501965205040813,2.1040990604268153,2.1177656280863406,2.0097666389141575
Uruguay_DUP4_farm9_field270_soybean_2018,Uruguay|soybean,3.5044057369232178,2.4098708967710363,2.415606544758234,1.9474016164562533,2.3154915149795032,2.404372905679641,2.1837219017127705,2.358186111169721,2.3628047906207126,1.7988042232603785
Uruguay_DUP4_farm9_field271_soybean_2018,Uruguay|soybean,1.4167546033859253,2.4098708967710363,2.177698566272182,2.3995943631130494,2.081432903764709,2.193517485216702,2.449968405275964,2.1334778056018107,2.1394817735632996,2.3663270519462705
Uruguay_DUP4_farm9_field277_soybean_2019,Uruguay|soybean,2.2958898544311523,2.4098708967710363,2.396312476118614,1.7711878139897346,1.9978779967812699,1.761431266146499,2.2673910802243222,2.1772464349655936,2.135664918083684,2.0150472944897944
Uruguay_DUP4_farm9_field287_soybean_2018,Uruguay|soybean,2.1983728408813477,2.4098708967710363,2.549708733648387,2.4608255255743683,2.135015266317891,1.9714986589448809,2.2896718255725768,2.1698459583710794,2.15001122842846,2.1115616787256153
Uruguay_DUP4_farm9_field288_soybean_2018,Uruguay|soybean,2.7589340209960938,2.4098708967710363,2.7922060384018406,1.664636760339044,1.8170553474259192,1.5716125802441956,1.9977990400586951,1.956038405106224,1.9175958226200214,1.3848684677156948
